domains,repetition,phase,seconds
8,-1,grid,0.0024480819702148438
8,-1,prepare,0.0018479824066162109
8,-1,kernel,0.0024809837341308594
8,-1,extract,0.031994104385375977
8,0,grid,0.0014500617980957031
8,0,prepare,0.0018608570098876953
8,0,kernel,0.0022830963134765625
8,0,extract,0.0080180168151855469
8,1,grid,0.0014982223510742188
8,1,prepare,0.0018758773803710938
8,1,kernel,0.0023770332336425781
8,1,extract,0.0099530220031738281
8,2,grid,0.0015749931335449219
8,2,prepare,0.0018680095672607422
8,2,kernel,0.0021901130676269531
8,2,extract,0.0063948631286621094
8,3,grid,0.0017788410186767578
8,3,prepare,0.0020461082458496094
8,3,kernel,0.0025401115417480469
8,3,extract,0.0075159072875976562
8,4,grid,0.0014579296112060547
8,4,prepare,0.001850128173828125
8,4,kernel,0.0022108554840087891
8,4,extract,0.011403083801269531
8,5,grid,0.0017859935760498047
8,5,prepare,0.0018780231475830078
8,5,kernel,0.0022261142730712891
8,5,extract,0.0079519748687744141
8,6,grid,0.0014619827270507812
8,6,prepare,0.0018649101257324219
8,6,kernel,0.0022361278533935547
8,6,extract,0.0081570148468017578
