fixture,domains,backend,phase,trial,frames,minor_collections,major_collections,compactions
static_P_Cd_65536,1,exact_cpu,cold_cpu_cook,0,1,0,0,0
static_P_Cd_65536,1,exact_cpu,warm_cpu_cook,1,1,0,0,0
static_P_Cd_65536,1,exact_cpu,warm_cpu_cook,2,1,0,0,0
static_P_Cd_65536,1,exact_cpu,warm_cpu_cook,3,1,0,0,0
static_P_Cd_65536,1,exact_cpu,warm_cpu_cook,4,1,0,0,0
static_P_Cd_65536,1,exact_cpu,warm_cpu_cook,5,1,0,0,0
static_P_Cd_65536,1,exact_cpu,warm_cpu_cook,6,1,0,0,0
static_P_Cd_65536,1,exact_cpu,warm_cpu_cook,7,1,0,0,0
static_P_Cd_65536,8,exact_cpu,cold_cpu_cook,0,1,0,0,0
static_P_Cd_65536,8,exact_cpu,warm_cpu_cook,1,1,0,0,0
static_P_Cd_65536,8,exact_cpu,warm_cpu_cook,2,1,0,0,0
static_P_Cd_65536,8,exact_cpu,warm_cpu_cook,3,1,0,0,0
static_P_Cd_65536,8,exact_cpu,warm_cpu_cook,4,1,0,0,0
static_P_Cd_65536,8,exact_cpu,warm_cpu_cook,5,1,0,0,0
static_P_Cd_65536,8,exact_cpu,warm_cpu_cook,6,1,0,0,0
static_P_Cd_65536,8,exact_cpu,warm_cpu_cook,7,1,0,0,0
static_P_Cd_65536,8,qualification,warm_producer,0,200,10,0,0
static_P_Cd_65536,8,qualification,warm_producer,1,200,10,0,0
static_P_Cd_65536,8,qualification,warm_producer,2,200,10,0,0
static_P_Cd_65536,8,qualification,warm_producer,3,200,10,0,0
static_P_Cd_65536,8,qualification,warm_producer,4,200,10,0,0
static_P_Cd_65536,8,qualification,warm_producer,5,200,10,0,0
static_P_Cd_65536,8,qualification,warm_producer,6,200,10,0,0
changing_P_Cd_65536,1,exact_cpu,cold_cpu_cook,0,1,0,0,0
changing_P_Cd_65536,1,exact_cpu,warm_cpu_cook,1,1,0,0,0
changing_P_Cd_65536,1,exact_cpu,warm_cpu_cook,2,1,0,0,0
changing_P_Cd_65536,1,exact_cpu,warm_cpu_cook,3,1,0,0,0
changing_P_Cd_65536,1,exact_cpu,warm_cpu_cook,4,1,0,0,0
changing_P_Cd_65536,1,exact_cpu,warm_cpu_cook,5,1,0,0,0
changing_P_Cd_65536,1,exact_cpu,warm_cpu_cook,6,1,0,0,0
changing_P_Cd_65536,1,exact_cpu,warm_cpu_cook,7,1,0,0,0
changing_P_Cd_65536,8,exact_cpu,cold_cpu_cook,0,1,0,0,0
changing_P_Cd_65536,8,exact_cpu,warm_cpu_cook,1,1,0,0,0
changing_P_Cd_65536,8,exact_cpu,warm_cpu_cook,2,1,0,0,0
changing_P_Cd_65536,8,exact_cpu,warm_cpu_cook,3,1,0,0,0
changing_P_Cd_65536,8,exact_cpu,warm_cpu_cook,4,1,0,0,0
changing_P_Cd_65536,8,exact_cpu,warm_cpu_cook,5,1,0,0,0
changing_P_Cd_65536,8,exact_cpu,warm_cpu_cook,6,1,0,0,0
changing_P_Cd_65536,8,exact_cpu,warm_cpu_cook,7,1,0,0,0
changing_P_Cd_65536,8,qualification,warm_producer,0,200,18,0,0
changing_P_Cd_65536,8,qualification,warm_producer,1,200,18,0,0
changing_P_Cd_65536,8,qualification,warm_producer,2,200,18,0,0
changing_P_Cd_65536,8,qualification,warm_producer,3,200,18,0,0
changing_P_Cd_65536,8,qualification,warm_producer,4,200,18,0,0
changing_P_Cd_65536,8,qualification,warm_producer,5,200,19,1,0
changing_P_Cd_65536,8,qualification,warm_producer,6,200,20,4,0
gradient_live_dependency,1,exact_cpu,cold_cpu_cook,0,1,0,0,0
gradient_live_dependency,1,exact_cpu,warm_cpu_cook,1,1,0,0,0
gradient_live_dependency,1,exact_cpu,warm_cpu_cook,2,1,0,0,0
gradient_live_dependency,1,exact_cpu,warm_cpu_cook,3,1,0,0,0
gradient_live_dependency,1,exact_cpu,warm_cpu_cook,4,1,0,0,0
gradient_live_dependency,1,exact_cpu,warm_cpu_cook,5,1,0,0,0
gradient_live_dependency,1,exact_cpu,warm_cpu_cook,6,1,0,0,0
gradient_live_dependency,1,exact_cpu,warm_cpu_cook,7,1,0,0,0
gradient_live_dependency,8,exact_cpu,cold_cpu_cook,0,1,0,0,0
gradient_live_dependency,8,exact_cpu,warm_cpu_cook,1,1,0,0,0
gradient_live_dependency,8,exact_cpu,warm_cpu_cook,2,1,0,0,0
gradient_live_dependency,8,exact_cpu,warm_cpu_cook,3,1,0,0,0
gradient_live_dependency,8,exact_cpu,warm_cpu_cook,4,1,0,0,0
gradient_live_dependency,8,exact_cpu,warm_cpu_cook,5,1,0,0,0
gradient_live_dependency,8,exact_cpu,warm_cpu_cook,6,1,0,0,0
gradient_live_dependency,8,exact_cpu,warm_cpu_cook,7,1,0,0,0
gradient_live_dependency,8,qualification,warm_producer,0,200,3,0,0
gradient_live_dependency,8,qualification,warm_producer,1,200,3,0,0
gradient_live_dependency,8,qualification,warm_producer,2,200,3,0,0
gradient_live_dependency,8,qualification,warm_producer,3,200,3,0,0
gradient_live_dependency,8,qualification,warm_producer,4,200,3,0,0
gradient_live_dependency,8,qualification,warm_producer,5,200,3,0,0
gradient_live_dependency,8,qualification,warm_producer,6,200,3,0,0
