connected_image_counters,fixture,width,height,policy,phase,trial,frames,runners_created,runners_released,pipeline_compilations,pipeline_releases,runner_buffers,input_uploads,input_uploaded_bytes,status_reads,output_readback_bytes,sinks_created,sinks_closed,sink_buffers,sink_textures
connected_image_counters,gradient_live_dependency,512,512,measured,route_probe,0,1,1,0,1,0,3,1,2097152,1,0,1,0,1,1
connected_image_counters,gradient_live_dependency,512,512,qualification,cold_owner_publish,0,1,1,0,1,0,3,1,2097152,1,0,1,0,1,1
connected_image_counters,gradient_live_dependency,512,512,qualification,warm_producer,0,200,0,0,0,0,0,0,0,200,0,0,0,0,0
connected_image_counters,gradient_live_dependency,512,512,qualification,warm_producer,1,200,0,0,0,0,0,0,0,200,0,0,0,0,0
connected_image_counters,gradient_live_dependency,512,512,qualification,warm_producer,2,200,0,0,0,0,0,0,0,200,0,0,0,0,0
connected_image_counters,gradient_live_dependency,512,512,qualification,warm_producer,3,200,0,0,0,0,0,0,0,200,0,0,0,0,0
connected_image_counters,gradient_live_dependency,512,512,qualification,warm_producer,4,200,0,0,0,0,0,0,0,200,0,0,0,0,0
connected_image_counters,gradient_live_dependency,512,512,qualification,warm_producer,5,200,0,0,0,0,0,0,0,200,0,0,0,0,0
connected_image_counters,gradient_live_dependency,512,512,qualification,warm_producer,6,200,0,0,0,0,0,0,0,200,0,0,0,0,0
connected_image_counters,gradient_live_dependency,512,512,qualification,consumer_only,0,200,0,0,0,0,0,0,0,0,0,0,0,0,0
connected_image_counters,gradient_live_dependency,512,512,qualification,consumer_only,1,200,0,0,0,0,0,0,0,0,0,0,0,0,0
connected_image_counters,gradient_live_dependency,512,512,qualification,consumer_only,2,200,0,0,0,0,0,0,0,0,0,0,0,0,0
connected_image_counters,gradient_live_dependency,512,512,qualification,consumer_only,3,200,0,0,0,0,0,0,0,0,0,0,0,0,0
connected_image_counters,gradient_live_dependency,512,512,qualification,consumer_only,4,200,0,0,0,0,0,0,0,0,0,0,0,0,0
connected_image_counters,gradient_live_dependency,512,512,qualification,consumer_only,5,200,0,0,0,0,0,0,0,0,0,0,0,0,0
connected_image_counters,gradient_live_dependency,512,512,qualification,consumer_only,6,200,0,0,0,0,0,0,0,0,0,0,0,0,0
connected_image_counters,gradient_live_dependency,512,512,qualification,end_to_end,0,200,0,0,0,0,0,0,0,200,0,0,0,0,0
connected_image_counters,gradient_live_dependency,512,512,qualification,end_to_end,1,200,0,0,0,0,0,0,0,200,0,0,0,0,0
connected_image_counters,gradient_live_dependency,512,512,qualification,end_to_end,2,200,0,0,0,0,0,0,0,200,0,0,0,0,0
connected_image_counters,gradient_live_dependency,512,512,qualification,end_to_end,3,200,0,0,0,0,0,0,0,200,0,0,0,0,0
connected_image_counters,gradient_live_dependency,512,512,qualification,end_to_end,4,200,0,0,0,0,0,0,0,200,0,0,0,0,0
connected_image_counters,gradient_live_dependency,512,512,qualification,end_to_end,5,200,0,0,0,0,0,0,0,200,0,0,0,0,0
connected_image_counters,gradient_live_dependency,512,512,qualification,end_to_end,6,200,0,0,0,0,0,0,0,200,0,0,0,0,0
connected_image_counters,gradient_live_dependency,512,512,qualification,verify_snapshot,0,1,0,0,0,0,0,0,0,0,0,0,0,0,0
connected_image_counters,gradient_live_dependency,512,512,qualification,verify_snapshot,0,1,0,0,0,0,0,0,0,0,0,0,0,0,0
connected_image_counters,gradient_live_dependency,513,512,qualification,resize_replan,0,1,1,0,0,0,3,1,4194304,1,0,0,0,1,1
connected_image_counters,gradient_live_dependency,513,512,qualification,verify_snapshot,0,1,0,0,0,0,0,0,0,0,0,0,0,0,0
connected_image_counters,gradient_live_dependency,513,512,qualification,teardown,0,1,0,2,0,1,0,0,0,0,0,0,1,0,0
connected_image_counters,gradient_live_dependency,1024,1024,measured,route_probe,0,1,1,0,1,0,3,1,8388608,1,0,1,0,1,1
connected_image_counters,gradient_live_dependency,1024,1024,qualification,cold_owner_publish,0,1,1,0,1,0,3,1,8388608,1,0,1,0,1,1
connected_image_counters,gradient_live_dependency,1024,1024,qualification,warm_producer,0,200,0,0,0,0,0,0,0,200,0,0,0,0,0
connected_image_counters,gradient_live_dependency,1024,1024,qualification,warm_producer,1,200,0,0,0,0,0,0,0,200,0,0,0,0,0
connected_image_counters,gradient_live_dependency,1024,1024,qualification,warm_producer,2,200,0,0,0,0,0,0,0,200,0,0,0,0,0
connected_image_counters,gradient_live_dependency,1024,1024,qualification,warm_producer,3,200,0,0,0,0,0,0,0,200,0,0,0,0,0
connected_image_counters,gradient_live_dependency,1024,1024,qualification,warm_producer,4,200,0,0,0,0,0,0,0,200,0,0,0,0,0
connected_image_counters,gradient_live_dependency,1024,1024,qualification,warm_producer,5,200,0,0,0,0,0,0,0,200,0,0,0,0,0
connected_image_counters,gradient_live_dependency,1024,1024,qualification,warm_producer,6,200,0,0,0,0,0,0,0,200,0,0,0,0,0
connected_image_counters,gradient_live_dependency,1024,1024,qualification,consumer_only,0,200,0,0,0,0,0,0,0,0,0,0,0,0,0
connected_image_counters,gradient_live_dependency,1024,1024,qualification,consumer_only,1,200,0,0,0,0,0,0,0,0,0,0,0,0,0
connected_image_counters,gradient_live_dependency,1024,1024,qualification,consumer_only,2,200,0,0,0,0,0,0,0,0,0,0,0,0,0
connected_image_counters,gradient_live_dependency,1024,1024,qualification,consumer_only,3,200,0,0,0,0,0,0,0,0,0,0,0,0,0
connected_image_counters,gradient_live_dependency,1024,1024,qualification,consumer_only,4,200,0,0,0,0,0,0,0,0,0,0,0,0,0
connected_image_counters,gradient_live_dependency,1024,1024,qualification,consumer_only,5,200,0,0,0,0,0,0,0,0,0,0,0,0,0
connected_image_counters,gradient_live_dependency,1024,1024,qualification,consumer_only,6,200,0,0,0,0,0,0,0,0,0,0,0,0,0
connected_image_counters,gradient_live_dependency,1024,1024,qualification,end_to_end,0,200,0,0,0,0,0,0,0,200,0,0,0,0,0
connected_image_counters,gradient_live_dependency,1024,1024,qualification,end_to_end,1,200,0,0,0,0,0,0,0,200,0,0,0,0,0
connected_image_counters,gradient_live_dependency,1024,1024,qualification,end_to_end,2,200,0,0,0,0,0,0,0,200,0,0,0,0,0
connected_image_counters,gradient_live_dependency,1024,1024,qualification,end_to_end,3,200,0,0,0,0,0,0,0,200,0,0,0,0,0
connected_image_counters,gradient_live_dependency,1024,1024,qualification,end_to_end,4,200,0,0,0,0,0,0,0,200,0,0,0,0,0
connected_image_counters,gradient_live_dependency,1024,1024,qualification,end_to_end,5,200,0,0,0,0,0,0,0,200,0,0,0,0,0
connected_image_counters,gradient_live_dependency,1024,1024,qualification,end_to_end,6,200,0,0,0,0,0,0,0,200,0,0,0,0,0
connected_image_counters,gradient_live_dependency,1024,1024,qualification,verify_snapshot,0,1,0,0,0,0,0,0,0,0,0,0,0,0,0
connected_image_counters,gradient_live_dependency,1024,1024,qualification,verify_snapshot,0,1,0,0,0,0,0,0,0,0,0,0,0,0,0
connected_image_counters,gradient_live_dependency,1025,1024,qualification,resize_replan,0,1,1,0,0,0,3,1,16777216,1,0,0,0,1,1
connected_image_counters,gradient_live_dependency,1025,1024,qualification,verify_snapshot,0,1,0,0,0,0,0,0,0,0,0,0,0,0,0
connected_image_counters,gradient_live_dependency,1025,1024,qualification,teardown,0,1,0,2,0,1,0,0,0,0,0,0,1,0,0
connected_image_counters,gradient_live_dependency,2048,2048,measured,route_probe,0,1,1,0,1,0,3,1,33554432,1,0,1,0,1,1
connected_image_counters,gradient_live_dependency,2048,2048,qualification,cold_owner_publish,0,1,1,0,1,0,3,1,33554432,1,0,1,0,1,1
connected_image_counters,gradient_live_dependency,2048,2048,qualification,warm_producer,0,200,0,0,0,0,0,0,0,200,0,0,0,0,0
connected_image_counters,gradient_live_dependency,2048,2048,qualification,warm_producer,1,200,0,0,0,0,0,0,0,200,0,0,0,0,0
connected_image_counters,gradient_live_dependency,2048,2048,qualification,warm_producer,2,200,0,0,0,0,0,0,0,200,0,0,0,0,0
connected_image_counters,gradient_live_dependency,2048,2048,qualification,warm_producer,3,200,0,0,0,0,0,0,0,200,0,0,0,0,0
connected_image_counters,gradient_live_dependency,2048,2048,qualification,warm_producer,4,200,0,0,0,0,0,0,0,200,0,0,0,0,0
connected_image_counters,gradient_live_dependency,2048,2048,qualification,warm_producer,5,200,0,0,0,0,0,0,0,200,0,0,0,0,0
connected_image_counters,gradient_live_dependency,2048,2048,qualification,warm_producer,6,200,0,0,0,0,0,0,0,200,0,0,0,0,0
connected_image_counters,gradient_live_dependency,2048,2048,qualification,consumer_only,0,200,0,0,0,0,0,0,0,0,0,0,0,0,0
connected_image_counters,gradient_live_dependency,2048,2048,qualification,consumer_only,1,200,0,0,0,0,0,0,0,0,0,0,0,0,0
connected_image_counters,gradient_live_dependency,2048,2048,qualification,consumer_only,2,200,0,0,0,0,0,0,0,0,0,0,0,0,0
connected_image_counters,gradient_live_dependency,2048,2048,qualification,consumer_only,3,200,0,0,0,0,0,0,0,0,0,0,0,0,0
connected_image_counters,gradient_live_dependency,2048,2048,qualification,consumer_only,4,200,0,0,0,0,0,0,0,0,0,0,0,0,0
connected_image_counters,gradient_live_dependency,2048,2048,qualification,consumer_only,5,200,0,0,0,0,0,0,0,0,0,0,0,0,0
connected_image_counters,gradient_live_dependency,2048,2048,qualification,consumer_only,6,200,0,0,0,0,0,0,0,0,0,0,0,0,0
connected_image_counters,gradient_live_dependency,2048,2048,qualification,end_to_end,0,200,0,0,0,0,0,0,0,200,0,0,0,0,0
connected_image_counters,gradient_live_dependency,2048,2048,qualification,end_to_end,1,200,0,0,0,0,0,0,0,200,0,0,0,0,0
connected_image_counters,gradient_live_dependency,2048,2048,qualification,end_to_end,2,200,0,0,0,0,0,0,0,200,0,0,0,0,0
connected_image_counters,gradient_live_dependency,2048,2048,qualification,end_to_end,3,200,0,0,0,0,0,0,0,200,0,0,0,0,0
connected_image_counters,gradient_live_dependency,2048,2048,qualification,end_to_end,4,200,0,0,0,0,0,0,0,200,0,0,0,0,0
connected_image_counters,gradient_live_dependency,2048,2048,qualification,end_to_end,5,200,0,0,0,0,0,0,0,200,0,0,0,0,0
connected_image_counters,gradient_live_dependency,2048,2048,qualification,end_to_end,6,200,0,0,0,0,0,0,0,200,0,0,0,0,0
connected_image_counters,gradient_live_dependency,2048,2048,qualification,verify_snapshot,0,1,0,0,0,0,0,0,0,0,0,0,0,0,0
connected_image_counters,gradient_live_dependency,2048,2048,qualification,verify_snapshot,0,1,0,0,0,0,0,0,0,0,0,0,0,0,0
connected_image_counters,gradient_live_dependency,2049,2048,qualification,resize_replan,0,1,1,0,0,0,3,1,67108864,1,0,0,0,1,1
connected_image_counters,gradient_live_dependency,2049,2048,qualification,verify_snapshot,0,1,0,0,0,0,0,0,0,0,0,0,0,0,0
connected_image_counters,gradient_live_dependency,2049,2048,qualification,teardown,0,1,0,2,0,1,0,0,0,0,0,0,1,0,0
connected_image_counters,live_capture,512,512,measured,route_probe,0,1,1,0,1,0,3,1,2097152,1,0,1,0,1,1
connected_image_counters,live_capture,512,512,qualification,cold_owner_publish,0,1,1,0,1,0,3,1,2097152,1,0,1,0,1,1
connected_image_counters,live_capture,512,512,qualification,warm_producer,0,200,0,0,0,0,0,0,0,200,0,0,0,0,0
connected_image_counters,live_capture,512,512,qualification,warm_producer,1,200,0,0,0,0,0,0,0,200,0,0,0,0,0
connected_image_counters,live_capture,512,512,qualification,warm_producer,2,200,0,0,0,0,0,0,0,200,0,0,0,0,0
connected_image_counters,live_capture,512,512,qualification,warm_producer,3,200,0,0,0,0,0,0,0,200,0,0,0,0,0
connected_image_counters,live_capture,512,512,qualification,warm_producer,4,200,0,0,0,0,0,0,0,200,0,0,0,0,0
connected_image_counters,live_capture,512,512,qualification,warm_producer,5,200,0,0,0,0,0,0,0,200,0,0,0,0,0
connected_image_counters,live_capture,512,512,qualification,warm_producer,6,200,0,0,0,0,0,0,0,200,0,0,0,0,0
connected_image_counters,live_capture,512,512,qualification,consumer_only,0,200,0,0,0,0,0,0,0,0,0,0,0,0,0
connected_image_counters,live_capture,512,512,qualification,consumer_only,1,200,0,0,0,0,0,0,0,0,0,0,0,0,0
connected_image_counters,live_capture,512,512,qualification,consumer_only,2,200,0,0,0,0,0,0,0,0,0,0,0,0,0
connected_image_counters,live_capture,512,512,qualification,consumer_only,3,200,0,0,0,0,0,0,0,0,0,0,0,0,0
connected_image_counters,live_capture,512,512,qualification,consumer_only,4,200,0,0,0,0,0,0,0,0,0,0,0,0,0
connected_image_counters,live_capture,512,512,qualification,consumer_only,5,200,0,0,0,0,0,0,0,0,0,0,0,0,0
connected_image_counters,live_capture,512,512,qualification,consumer_only,6,200,0,0,0,0,0,0,0,0,0,0,0,0,0
connected_image_counters,live_capture,512,512,qualification,end_to_end,0,200,0,0,0,0,0,0,0,200,0,0,0,0,0
connected_image_counters,live_capture,512,512,qualification,end_to_end,1,200,0,0,0,0,0,0,0,200,0,0,0,0,0
connected_image_counters,live_capture,512,512,qualification,end_to_end,2,200,0,0,0,0,0,0,0,200,0,0,0,0,0
connected_image_counters,live_capture,512,512,qualification,end_to_end,3,200,0,0,0,0,0,0,0,200,0,0,0,0,0
connected_image_counters,live_capture,512,512,qualification,end_to_end,4,200,0,0,0,0,0,0,0,200,0,0,0,0,0
connected_image_counters,live_capture,512,512,qualification,end_to_end,5,200,0,0,0,0,0,0,0,200,0,0,0,0,0
connected_image_counters,live_capture,512,512,qualification,end_to_end,6,200,0,0,0,0,0,0,0,200,0,0,0,0,0
connected_image_counters,live_capture,512,512,qualification,verify_snapshot,0,1,0,0,0,0,0,0,0,0,0,0,0,0,0
connected_image_counters,live_capture,512,512,qualification,verify_snapshot,0,1,0,0,0,0,0,0,0,0,0,0,0,0,0
connected_image_counters,live_capture,513,512,qualification,resize_replan,0,1,1,0,0,0,3,1,4194304,1,0,0,0,1,1
connected_image_counters,live_capture,513,512,qualification,verify_snapshot,0,1,0,0,0,0,0,0,0,0,0,0,0,0,0
connected_image_counters,live_capture,513,512,qualification,teardown,0,1,0,2,0,1,0,0,0,0,0,0,1,0,0
connected_image_counters,live_capture,1024,1024,measured,route_probe,0,1,1,0,1,0,3,1,8388608,1,0,1,0,1,1
connected_image_counters,live_capture,1024,1024,qualification,cold_owner_publish,0,1,1,0,1,0,3,1,8388608,1,0,1,0,1,1
connected_image_counters,live_capture,1024,1024,qualification,warm_producer,0,200,0,0,0,0,0,0,0,200,0,0,0,0,0
connected_image_counters,live_capture,1024,1024,qualification,warm_producer,1,200,0,0,0,0,0,0,0,200,0,0,0,0,0
connected_image_counters,live_capture,1024,1024,qualification,warm_producer,2,200,0,0,0,0,0,0,0,200,0,0,0,0,0
connected_image_counters,live_capture,1024,1024,qualification,warm_producer,3,200,0,0,0,0,0,0,0,200,0,0,0,0,0
connected_image_counters,live_capture,1024,1024,qualification,warm_producer,4,200,0,0,0,0,0,0,0,200,0,0,0,0,0
connected_image_counters,live_capture,1024,1024,qualification,warm_producer,5,200,0,0,0,0,0,0,0,200,0,0,0,0,0
connected_image_counters,live_capture,1024,1024,qualification,warm_producer,6,200,0,0,0,0,0,0,0,200,0,0,0,0,0
connected_image_counters,live_capture,1024,1024,qualification,consumer_only,0,200,0,0,0,0,0,0,0,0,0,0,0,0,0
connected_image_counters,live_capture,1024,1024,qualification,consumer_only,1,200,0,0,0,0,0,0,0,0,0,0,0,0,0
connected_image_counters,live_capture,1024,1024,qualification,consumer_only,2,200,0,0,0,0,0,0,0,0,0,0,0,0,0
connected_image_counters,live_capture,1024,1024,qualification,consumer_only,3,200,0,0,0,0,0,0,0,0,0,0,0,0,0
connected_image_counters,live_capture,1024,1024,qualification,consumer_only,4,200,0,0,0,0,0,0,0,0,0,0,0,0,0
connected_image_counters,live_capture,1024,1024,qualification,consumer_only,5,200,0,0,0,0,0,0,0,0,0,0,0,0,0
connected_image_counters,live_capture,1024,1024,qualification,consumer_only,6,200,0,0,0,0,0,0,0,0,0,0,0,0,0
connected_image_counters,live_capture,1024,1024,qualification,end_to_end,0,200,0,0,0,0,0,0,0,200,0,0,0,0,0
connected_image_counters,live_capture,1024,1024,qualification,end_to_end,1,200,0,0,0,0,0,0,0,200,0,0,0,0,0
connected_image_counters,live_capture,1024,1024,qualification,end_to_end,2,200,0,0,0,0,0,0,0,200,0,0,0,0,0
connected_image_counters,live_capture,1024,1024,qualification,end_to_end,3,200,0,0,0,0,0,0,0,200,0,0,0,0,0
connected_image_counters,live_capture,1024,1024,qualification,end_to_end,4,200,0,0,0,0,0,0,0,200,0,0,0,0,0
connected_image_counters,live_capture,1024,1024,qualification,end_to_end,5,200,0,0,0,0,0,0,0,200,0,0,0,0,0
connected_image_counters,live_capture,1024,1024,qualification,end_to_end,6,200,0,0,0,0,0,0,0,200,0,0,0,0,0
connected_image_counters,live_capture,1024,1024,qualification,verify_snapshot,0,1,0,0,0,0,0,0,0,0,0,0,0,0,0
connected_image_counters,live_capture,1024,1024,qualification,verify_snapshot,0,1,0,0,0,0,0,0,0,0,0,0,0,0,0
connected_image_counters,live_capture,1025,1024,qualification,resize_replan,0,1,1,0,0,0,3,1,16777216,1,0,0,0,1,1
connected_image_counters,live_capture,1025,1024,qualification,verify_snapshot,0,1,0,0,0,0,0,0,0,0,0,0,0,0,0
connected_image_counters,live_capture,1025,1024,qualification,teardown,0,1,0,2,0,1,0,0,0,0,0,0,1,0,0
connected_image_counters,live_capture,2048,2048,measured,route_probe,0,1,1,0,1,0,3,1,33554432,1,0,1,0,1,1
connected_image_counters,live_capture,2048,2048,qualification,cold_owner_publish,0,1,1,0,1,0,3,1,33554432,1,0,1,0,1,1
connected_image_counters,live_capture,2048,2048,qualification,warm_producer,0,200,0,0,0,0,0,0,0,200,0,0,0,0,0
connected_image_counters,live_capture,2048,2048,qualification,warm_producer,1,200,0,0,0,0,0,0,0,200,0,0,0,0,0
connected_image_counters,live_capture,2048,2048,qualification,warm_producer,2,200,0,0,0,0,0,0,0,200,0,0,0,0,0
connected_image_counters,live_capture,2048,2048,qualification,warm_producer,3,200,0,0,0,0,0,0,0,200,0,0,0,0,0
connected_image_counters,live_capture,2048,2048,qualification,warm_producer,4,200,0,0,0,0,0,0,0,200,0,0,0,0,0
connected_image_counters,live_capture,2048,2048,qualification,warm_producer,5,200,0,0,0,0,0,0,0,200,0,0,0,0,0
connected_image_counters,live_capture,2048,2048,qualification,warm_producer,6,200,0,0,0,0,0,0,0,200,0,0,0,0,0
connected_image_counters,live_capture,2048,2048,qualification,consumer_only,0,200,0,0,0,0,0,0,0,0,0,0,0,0,0
connected_image_counters,live_capture,2048,2048,qualification,consumer_only,1,200,0,0,0,0,0,0,0,0,0,0,0,0,0
connected_image_counters,live_capture,2048,2048,qualification,consumer_only,2,200,0,0,0,0,0,0,0,0,0,0,0,0,0
connected_image_counters,live_capture,2048,2048,qualification,consumer_only,3,200,0,0,0,0,0,0,0,0,0,0,0,0,0
connected_image_counters,live_capture,2048,2048,qualification,consumer_only,4,200,0,0,0,0,0,0,0,0,0,0,0,0,0
connected_image_counters,live_capture,2048,2048,qualification,consumer_only,5,200,0,0,0,0,0,0,0,0,0,0,0,0,0
connected_image_counters,live_capture,2048,2048,qualification,consumer_only,6,200,0,0,0,0,0,0,0,0,0,0,0,0,0
connected_image_counters,live_capture,2048,2048,qualification,end_to_end,0,200,0,0,0,0,0,0,0,200,0,0,0,0,0
connected_image_counters,live_capture,2048,2048,qualification,end_to_end,1,200,0,0,0,0,0,0,0,200,0,0,0,0,0
connected_image_counters,live_capture,2048,2048,qualification,end_to_end,2,200,0,0,0,0,0,0,0,200,0,0,0,0,0
connected_image_counters,live_capture,2048,2048,qualification,end_to_end,3,200,0,0,0,0,0,0,0,200,0,0,0,0,0
connected_image_counters,live_capture,2048,2048,qualification,end_to_end,4,200,0,0,0,0,0,0,0,200,0,0,0,0,0
connected_image_counters,live_capture,2048,2048,qualification,end_to_end,5,200,0,0,0,0,0,0,0,200,0,0,0,0,0
connected_image_counters,live_capture,2048,2048,qualification,end_to_end,6,200,0,0,0,0,0,0,0,200,0,0,0,0,0
connected_image_counters,live_capture,2048,2048,qualification,verify_snapshot,0,1,0,0,0,0,0,0,0,0,0,0,0,0,0
connected_image_counters,live_capture,2048,2048,qualification,verify_snapshot,0,1,0,0,0,0,0,0,0,0,0,0,0,0,0
connected_image_counters,live_capture,2049,2048,qualification,resize_replan,0,1,1,0,0,0,3,1,67108864,1,0,0,0,1,1
connected_image_counters,live_capture,2049,2048,qualification,verify_snapshot,0,1,0,0,0,0,0,0,0,0,0,0,0,0,0
connected_image_counters,live_capture,2049,2048,qualification,teardown,0,1,0,2,0,1,0,0,0,0,0,0,1,0,0
