fixture,domains,trial,frames,phase,calls,inclusive_seconds
static_P_Cd_65536,8,1,1,initial_domain_inclusive:whole_trial,1,0.022897005
static_P_Cd_65536,8,1,1,initial_domain_inclusive:output_accumulator_setup:mesh/c#0,1,0.000000000
static_P_Cd_65536,8,1,1,initial_domain_inclusive:output_accumulator_setup:mesh/geo#2#0,1,0.000031948
static_P_Cd_65536,8,1,1,initial_domain_inclusive:output_accumulator_setup:mesh/img,1,0.000552893
static_P_Cd_65536,8,1,1,initial_domain_inclusive:output_accumulator_setup:mesh/p#0,1,0.000000000
static_P_Cd_65536,8,1,1,initial_domain_inclusive:owner_arguments,1,0.000000954
static_P_Cd_65536,8,1,1,initial_domain_inclusive:seed_eval:mesh/c#0,1,0.000000000
static_P_Cd_65536,8,1,1,initial_domain_inclusive:seed_eval:mesh/geo#2#0,1,0.000000000
static_P_Cd_65536,8,1,1,initial_domain_inclusive:seed_eval:mesh/img,1,0.000000000
static_P_Cd_65536,8,1,1,initial_domain_inclusive:seed_eval:mesh/p#0,1,0.000001192
static_P_Cd_65536,8,1,1,initial_domain_inclusive:source_arrays:mesh/c#0,1,0.000180006
static_P_Cd_65536,8,1,1,initial_domain_inclusive:source_arrays:mesh/geo#2#0,1,0.000187159
static_P_Cd_65536,8,1,1,initial_domain_inclusive:source_arrays:mesh/img,1,0.000002861
static_P_Cd_65536,8,1,1,initial_domain_inclusive:source_arrays:mesh/p#0,1,0.000181913
static_P_Cd_65536,8,1,1,initial_domain_inclusive:source_preflight,1,0.000011921
static_P_Cd_65536,8,1,1,initial_domain_inclusive:traversal_including_chunk_scratch:mesh/c#0,1,0.002761126
static_P_Cd_65536,8,1,1,initial_domain_inclusive:traversal_including_chunk_scratch:mesh/geo#2#0,1,0.000485182
static_P_Cd_65536,8,1,1,initial_domain_inclusive:traversal_including_chunk_scratch:mesh/img,1,0.008880138
static_P_Cd_65536,8,1,1,initial_domain_inclusive:traversal_including_chunk_scratch:mesh/p#0,1,0.002716780
static_P_Cd_65536,8,1,1,initial_domain_inclusive:uniform_compile:mesh/c#0,1,0.000001907
static_P_Cd_65536,8,1,1,initial_domain_inclusive:uniform_compile:mesh/p#0,1,0.000006914
static_P_Cd_65536,8,1,1,initial_domain_inclusive:uniform_execute:mesh/c#0,1,0.002945900
static_P_Cd_65536,8,1,1,initial_domain_inclusive:uniform_execute:mesh/p#0,1,0.002904177
static_P_Cd_65536,8,1,1,initial_domain_inclusive:uniform_prepare:mesh/c#0,1,0.000000000
static_P_Cd_65536,8,1,1,initial_domain_inclusive:uniform_prepare:mesh/geo#2#0,1,0.000000000
static_P_Cd_65536,8,1,1,initial_domain_inclusive:uniform_prepare:mesh/img,1,0.005865812
static_P_Cd_65536,8,1,1,initial_domain_inclusive:uniform_prepare:mesh/p#0,1,0.000000000
static_P_Cd_65536,8,1,1,worker_internal_unobserved,0,
static_P_Cd_65536,8,2,1,initial_domain_inclusive:whole_trial,1,0.022342920
static_P_Cd_65536,8,2,1,initial_domain_inclusive:output_accumulator_setup:mesh/c#0,1,0.000000000
static_P_Cd_65536,8,2,1,initial_domain_inclusive:output_accumulator_setup:mesh/geo#2#0,1,0.000031948
static_P_Cd_65536,8,2,1,initial_domain_inclusive:output_accumulator_setup:mesh/img,1,0.000554085
static_P_Cd_65536,8,2,1,initial_domain_inclusive:output_accumulator_setup:mesh/p#0,1,0.000000000
static_P_Cd_65536,8,2,1,initial_domain_inclusive:owner_arguments,1,0.000000954
static_P_Cd_65536,8,2,1,initial_domain_inclusive:seed_eval:mesh/c#0,1,0.000000000
static_P_Cd_65536,8,2,1,initial_domain_inclusive:seed_eval:mesh/geo#2#0,1,0.000000000
static_P_Cd_65536,8,2,1,initial_domain_inclusive:seed_eval:mesh/img,1,0.000000000
static_P_Cd_65536,8,2,1,initial_domain_inclusive:seed_eval:mesh/p#0,1,0.000000954
static_P_Cd_65536,8,2,1,initial_domain_inclusive:source_arrays:mesh/c#0,1,0.000180006
static_P_Cd_65536,8,2,1,initial_domain_inclusive:source_arrays:mesh/geo#2#0,1,0.000188112
static_P_Cd_65536,8,2,1,initial_domain_inclusive:source_arrays:mesh/img,1,0.000003099
static_P_Cd_65536,8,2,1,initial_domain_inclusive:source_arrays:mesh/p#0,1,0.000183821
static_P_Cd_65536,8,2,1,initial_domain_inclusive:source_preflight,1,0.000009060
static_P_Cd_65536,8,2,1,initial_domain_inclusive:traversal_including_chunk_scratch:mesh/c#0,1,0.002758980
static_P_Cd_65536,8,2,1,initial_domain_inclusive:traversal_including_chunk_scratch:mesh/geo#2#0,1,0.000385046
static_P_Cd_65536,8,2,1,initial_domain_inclusive:traversal_including_chunk_scratch:mesh/img,1,0.007885933
static_P_Cd_65536,8,2,1,initial_domain_inclusive:traversal_including_chunk_scratch:mesh/p#0,1,0.002721071
static_P_Cd_65536,8,2,1,initial_domain_inclusive:uniform_compile:mesh/c#0,1,0.000003815
static_P_Cd_65536,8,2,1,initial_domain_inclusive:uniform_compile:mesh/p#0,1,0.000007153
static_P_Cd_65536,8,2,1,initial_domain_inclusive:uniform_execute:mesh/c#0,1,0.002946138
static_P_Cd_65536,8,2,1,initial_domain_inclusive:uniform_execute:mesh/p#0,1,0.002909899
static_P_Cd_65536,8,2,1,initial_domain_inclusive:uniform_prepare:mesh/c#0,1,0.000000000
static_P_Cd_65536,8,2,1,initial_domain_inclusive:uniform_prepare:mesh/geo#2#0,1,0.000000000
static_P_Cd_65536,8,2,1,initial_domain_inclusive:uniform_prepare:mesh/img,1,0.005873919
static_P_Cd_65536,8,2,1,initial_domain_inclusive:uniform_prepare:mesh/p#0,1,0.000000000
static_P_Cd_65536,8,2,1,worker_internal_unobserved,0,
static_P_Cd_65536,8,3,1,initial_domain_inclusive:whole_trial,1,0.023659945
static_P_Cd_65536,8,3,1,initial_domain_inclusive:output_accumulator_setup:mesh/c#0,1,0.000000000
static_P_Cd_65536,8,3,1,initial_domain_inclusive:output_accumulator_setup:mesh/geo#2#0,1,0.000034809
static_P_Cd_65536,8,3,1,initial_domain_inclusive:output_accumulator_setup:mesh/img,1,0.000548840
static_P_Cd_65536,8,3,1,initial_domain_inclusive:output_accumulator_setup:mesh/p#0,1,0.000000000
static_P_Cd_65536,8,3,1,initial_domain_inclusive:owner_arguments,1,0.000000954
static_P_Cd_65536,8,3,1,initial_domain_inclusive:seed_eval:mesh/c#0,1,0.000000954
static_P_Cd_65536,8,3,1,initial_domain_inclusive:seed_eval:mesh/geo#2#0,1,0.000000000
static_P_Cd_65536,8,3,1,initial_domain_inclusive:seed_eval:mesh/img,1,0.000000000
static_P_Cd_65536,8,3,1,initial_domain_inclusive:seed_eval:mesh/p#0,1,0.000000954
static_P_Cd_65536,8,3,1,initial_domain_inclusive:source_arrays:mesh/c#0,1,0.000185013
static_P_Cd_65536,8,3,1,initial_domain_inclusive:source_arrays:mesh/geo#2#0,1,0.000200987
static_P_Cd_65536,8,3,1,initial_domain_inclusive:source_arrays:mesh/img,1,0.000004053
static_P_Cd_65536,8,3,1,initial_domain_inclusive:source_arrays:mesh/p#0,1,0.000188112
static_P_Cd_65536,8,3,1,initial_domain_inclusive:source_preflight,1,0.000009060
static_P_Cd_65536,8,3,1,initial_domain_inclusive:traversal_including_chunk_scratch:mesh/c#0,1,0.002734900
static_P_Cd_65536,8,3,1,initial_domain_inclusive:traversal_including_chunk_scratch:mesh/geo#2#0,1,0.000838041
static_P_Cd_65536,8,3,1,initial_domain_inclusive:traversal_including_chunk_scratch:mesh/img,1,0.009155035
static_P_Cd_65536,8,3,1,initial_domain_inclusive:traversal_including_chunk_scratch:mesh/p#0,1,0.002682924
static_P_Cd_65536,8,3,1,initial_domain_inclusive:uniform_compile:mesh/c#0,1,0.000002146
static_P_Cd_65536,8,3,1,initial_domain_inclusive:uniform_compile:mesh/p#0,1,0.000005960
static_P_Cd_65536,8,3,1,initial_domain_inclusive:uniform_execute:mesh/c#0,1,0.002927065
static_P_Cd_65536,8,3,1,initial_domain_inclusive:uniform_execute:mesh/p#0,1,0.002876043
static_P_Cd_65536,8,3,1,initial_domain_inclusive:uniform_prepare:mesh/c#0,1,0.000000000
static_P_Cd_65536,8,3,1,initial_domain_inclusive:uniform_prepare:mesh/geo#2#0,1,0.000000000
static_P_Cd_65536,8,3,1,initial_domain_inclusive:uniform_prepare:mesh/img,1,0.005820036
static_P_Cd_65536,8,3,1,initial_domain_inclusive:uniform_prepare:mesh/p#0,1,0.000000000
static_P_Cd_65536,8,3,1,worker_internal_unobserved,0,
static_P_Cd_65536,8,4,1,initial_domain_inclusive:whole_trial,1,0.022508860
static_P_Cd_65536,8,4,1,initial_domain_inclusive:output_accumulator_setup:mesh/c#0,1,0.000000000
static_P_Cd_65536,8,4,1,initial_domain_inclusive:output_accumulator_setup:mesh/geo#2#0,1,0.000033140
static_P_Cd_65536,8,4,1,initial_domain_inclusive:output_accumulator_setup:mesh/img,1,0.000563145
static_P_Cd_65536,8,4,1,initial_domain_inclusive:output_accumulator_setup:mesh/p#0,1,0.000000000
static_P_Cd_65536,8,4,1,initial_domain_inclusive:owner_arguments,1,0.000001192
static_P_Cd_65536,8,4,1,initial_domain_inclusive:seed_eval:mesh/c#0,1,0.000000954
static_P_Cd_65536,8,4,1,initial_domain_inclusive:seed_eval:mesh/geo#2#0,1,0.000000000
static_P_Cd_65536,8,4,1,initial_domain_inclusive:seed_eval:mesh/img,1,0.000000000
static_P_Cd_65536,8,4,1,initial_domain_inclusive:seed_eval:mesh/p#0,1,0.000000954
static_P_Cd_65536,8,4,1,initial_domain_inclusive:source_arrays:mesh/c#0,1,0.000182152
static_P_Cd_65536,8,4,1,initial_domain_inclusive:source_arrays:mesh/geo#2#0,1,0.000189066
static_P_Cd_65536,8,4,1,initial_domain_inclusive:source_arrays:mesh/img,1,0.000003099
static_P_Cd_65536,8,4,1,initial_domain_inclusive:source_arrays:mesh/p#0,1,0.000191927
static_P_Cd_65536,8,4,1,initial_domain_inclusive:source_preflight,1,0.000015974
static_P_Cd_65536,8,4,1,initial_domain_inclusive:traversal_including_chunk_scratch:mesh/c#0,1,0.002779007
static_P_Cd_65536,8,4,1,initial_domain_inclusive:traversal_including_chunk_scratch:mesh/geo#2#0,1,0.000798941
static_P_Cd_65536,8,4,1,initial_domain_inclusive:traversal_including_chunk_scratch:mesh/img,1,0.008064032
static_P_Cd_65536,8,4,1,initial_domain_inclusive:traversal_including_chunk_scratch:mesh/p#0,1,0.002737045
static_P_Cd_65536,8,4,1,initial_domain_inclusive:uniform_compile:mesh/c#0,1,0.000003099
static_P_Cd_65536,8,4,1,initial_domain_inclusive:uniform_compile:mesh/p#0,1,0.000008106
static_P_Cd_65536,8,4,1,initial_domain_inclusive:uniform_execute:mesh/c#0,1,0.002966881
static_P_Cd_65536,8,4,1,initial_domain_inclusive:uniform_execute:mesh/p#0,1,0.002936840
static_P_Cd_65536,8,4,1,initial_domain_inclusive:uniform_prepare:mesh/c#0,1,0.000000000
static_P_Cd_65536,8,4,1,initial_domain_inclusive:uniform_prepare:mesh/geo#2#0,1,0.000000000
static_P_Cd_65536,8,4,1,initial_domain_inclusive:uniform_prepare:mesh/img,1,0.005924940
static_P_Cd_65536,8,4,1,initial_domain_inclusive:uniform_prepare:mesh/p#0,1,0.000000000
static_P_Cd_65536,8,4,1,worker_internal_unobserved,0,
static_P_Cd_65536,8,5,1,initial_domain_inclusive:whole_trial,1,0.022082090
static_P_Cd_65536,8,5,1,initial_domain_inclusive:output_accumulator_setup:mesh/c#0,1,0.000000000
static_P_Cd_65536,8,5,1,initial_domain_inclusive:output_accumulator_setup:mesh/geo#2#0,1,0.000028133
static_P_Cd_65536,8,5,1,initial_domain_inclusive:output_accumulator_setup:mesh/img,1,0.000566006
static_P_Cd_65536,8,5,1,initial_domain_inclusive:output_accumulator_setup:mesh/p#0,1,0.000000000
static_P_Cd_65536,8,5,1,initial_domain_inclusive:owner_arguments,1,0.000001907
static_P_Cd_65536,8,5,1,initial_domain_inclusive:seed_eval:mesh/c#0,1,0.000000954
static_P_Cd_65536,8,5,1,initial_domain_inclusive:seed_eval:mesh/geo#2#0,1,0.000000000
static_P_Cd_65536,8,5,1,initial_domain_inclusive:seed_eval:mesh/img,1,0.000000000
static_P_Cd_65536,8,5,1,initial_domain_inclusive:seed_eval:mesh/p#0,1,0.000000954
static_P_Cd_65536,8,5,1,initial_domain_inclusive:source_arrays:mesh/c#0,1,0.000184059
static_P_Cd_65536,8,5,1,initial_domain_inclusive:source_arrays:mesh/geo#2#0,1,0.000186920
static_P_Cd_65536,8,5,1,initial_domain_inclusive:source_arrays:mesh/img,1,0.000003099
static_P_Cd_65536,8,5,1,initial_domain_inclusive:source_arrays:mesh/p#0,1,0.000185966
static_P_Cd_65536,8,5,1,initial_domain_inclusive:source_preflight,1,0.000013113
static_P_Cd_65536,8,5,1,initial_domain_inclusive:traversal_including_chunk_scratch:mesh/c#0,1,0.002800941
static_P_Cd_65536,8,5,1,initial_domain_inclusive:traversal_including_chunk_scratch:mesh/geo#2#0,1,0.000264883
static_P_Cd_65536,8,5,1,initial_domain_inclusive:traversal_including_chunk_scratch:mesh/img,1,0.008112907
static_P_Cd_65536,8,5,1,initial_domain_inclusive:traversal_including_chunk_scratch:mesh/p#0,1,0.002724171
static_P_Cd_65536,8,5,1,initial_domain_inclusive:uniform_compile:mesh/c#0,1,0.000002146
static_P_Cd_65536,8,5,1,initial_domain_inclusive:uniform_compile:mesh/p#0,1,0.000006914
static_P_Cd_65536,8,5,1,initial_domain_inclusive:uniform_execute:mesh/c#0,1,0.002990007
static_P_Cd_65536,8,5,1,initial_domain_inclusive:uniform_execute:mesh/p#0,1,0.002914906
static_P_Cd_65536,8,5,1,initial_domain_inclusive:uniform_prepare:mesh/c#0,1,0.000000000
static_P_Cd_65536,8,5,1,initial_domain_inclusive:uniform_prepare:mesh/geo#2#0,1,0.000000000
static_P_Cd_65536,8,5,1,initial_domain_inclusive:uniform_prepare:mesh/img,1,0.005923986
static_P_Cd_65536,8,5,1,initial_domain_inclusive:uniform_prepare:mesh/p#0,1,0.000000000
static_P_Cd_65536,8,5,1,worker_internal_unobserved,0,
static_P_Cd_65536,8,6,1,initial_domain_inclusive:whole_trial,1,0.025049925
static_P_Cd_65536,8,6,1,initial_domain_inclusive:output_accumulator_setup:mesh/c#0,1,0.000000000
static_P_Cd_65536,8,6,1,initial_domain_inclusive:output_accumulator_setup:mesh/geo#2#0,1,0.000029087
static_P_Cd_65536,8,6,1,initial_domain_inclusive:output_accumulator_setup:mesh/img,1,0.000577927
static_P_Cd_65536,8,6,1,initial_domain_inclusive:output_accumulator_setup:mesh/p#0,1,0.000000954
static_P_Cd_65536,8,6,1,initial_domain_inclusive:owner_arguments,1,0.000000954
static_P_Cd_65536,8,6,1,initial_domain_inclusive:seed_eval:mesh/c#0,1,0.000000954
static_P_Cd_65536,8,6,1,initial_domain_inclusive:seed_eval:mesh/geo#2#0,1,0.000000000
static_P_Cd_65536,8,6,1,initial_domain_inclusive:seed_eval:mesh/img,1,0.000000000
static_P_Cd_65536,8,6,1,initial_domain_inclusive:seed_eval:mesh/p#0,1,0.000000954
static_P_Cd_65536,8,6,1,initial_domain_inclusive:source_arrays:mesh/c#0,1,0.000194788
static_P_Cd_65536,8,6,1,initial_domain_inclusive:source_arrays:mesh/geo#2#0,1,0.000191927
static_P_Cd_65536,8,6,1,initial_domain_inclusive:source_arrays:mesh/img,1,0.000002861
static_P_Cd_65536,8,6,1,initial_domain_inclusive:source_arrays:mesh/p#0,1,0.000179052
static_P_Cd_65536,8,6,1,initial_domain_inclusive:source_preflight,1,0.000017166
static_P_Cd_65536,8,6,1,initial_domain_inclusive:traversal_including_chunk_scratch:mesh/c#0,1,0.002936125
static_P_Cd_65536,8,6,1,initial_domain_inclusive:traversal_including_chunk_scratch:mesh/geo#2#0,1,0.000829935
static_P_Cd_65536,8,6,1,initial_domain_inclusive:traversal_including_chunk_scratch:mesh/img,1,0.009093046
static_P_Cd_65536,8,6,1,initial_domain_inclusive:traversal_including_chunk_scratch:mesh/p#0,1,0.002902031
static_P_Cd_65536,8,6,1,initial_domain_inclusive:uniform_compile:mesh/c#0,1,0.000003099
static_P_Cd_65536,8,6,1,initial_domain_inclusive:uniform_compile:mesh/p#0,1,0.000006914
static_P_Cd_65536,8,6,1,initial_domain_inclusive:uniform_execute:mesh/c#0,1,0.003138065
static_P_Cd_65536,8,6,1,initial_domain_inclusive:uniform_execute:mesh/p#0,1,0.003086805
static_P_Cd_65536,8,6,1,initial_domain_inclusive:uniform_prepare:mesh/c#0,1,0.000000000
static_P_Cd_65536,8,6,1,initial_domain_inclusive:uniform_prepare:mesh/geo#2#0,1,0.000000954
static_P_Cd_65536,8,6,1,initial_domain_inclusive:uniform_prepare:mesh/img,1,0.006247997
static_P_Cd_65536,8,6,1,initial_domain_inclusive:uniform_prepare:mesh/p#0,1,0.000000000
static_P_Cd_65536,8,6,1,worker_internal_unobserved,0,
static_P_Cd_65536,8,7,1,initial_domain_inclusive:whole_trial,1,0.024246931
static_P_Cd_65536,8,7,1,initial_domain_inclusive:output_accumulator_setup:mesh/c#0,1,0.000000000
static_P_Cd_65536,8,7,1,initial_domain_inclusive:output_accumulator_setup:mesh/geo#2#0,1,0.000032902
static_P_Cd_65536,8,7,1,initial_domain_inclusive:output_accumulator_setup:mesh/img,1,0.000591993
static_P_Cd_65536,8,7,1,initial_domain_inclusive:output_accumulator_setup:mesh/p#0,1,0.000000000
static_P_Cd_65536,8,7,1,initial_domain_inclusive:owner_arguments,1,0.000001907
static_P_Cd_65536,8,7,1,initial_domain_inclusive:seed_eval:mesh/c#0,1,0.000000954
static_P_Cd_65536,8,7,1,initial_domain_inclusive:seed_eval:mesh/geo#2#0,1,0.000000000
static_P_Cd_65536,8,7,1,initial_domain_inclusive:seed_eval:mesh/img,1,0.000000000
static_P_Cd_65536,8,7,1,initial_domain_inclusive:seed_eval:mesh/p#0,1,0.000001192
static_P_Cd_65536,8,7,1,initial_domain_inclusive:source_arrays:mesh/c#0,1,0.000186920
static_P_Cd_65536,8,7,1,initial_domain_inclusive:source_arrays:mesh/geo#2#0,1,0.000404835
static_P_Cd_65536,8,7,1,initial_domain_inclusive:source_arrays:mesh/img,1,0.000009060
static_P_Cd_65536,8,7,1,initial_domain_inclusive:source_arrays:mesh/p#0,1,0.000189781
static_P_Cd_65536,8,7,1,initial_domain_inclusive:source_preflight,1,0.000013828
static_P_Cd_65536,8,7,1,initial_domain_inclusive:traversal_including_chunk_scratch:mesh/c#0,1,0.002921104
static_P_Cd_65536,8,7,1,initial_domain_inclusive:traversal_including_chunk_scratch:mesh/geo#2#0,1,0.001046896
static_P_Cd_65536,8,7,1,initial_domain_inclusive:traversal_including_chunk_scratch:mesh/img,1,0.008660078
static_P_Cd_65536,8,7,1,initial_domain_inclusive:traversal_including_chunk_scratch:mesh/p#0,1,0.002926111
static_P_Cd_65536,8,7,1,initial_domain_inclusive:uniform_compile:mesh/c#0,1,0.000003099
static_P_Cd_65536,8,7,1,initial_domain_inclusive:uniform_compile:mesh/p#0,1,0.000011921
static_P_Cd_65536,8,7,1,initial_domain_inclusive:uniform_execute:mesh/c#0,1,0.003113985
static_P_Cd_65536,8,7,1,initial_domain_inclusive:uniform_execute:mesh/p#0,1,0.003121138
static_P_Cd_65536,8,7,1,initial_domain_inclusive:uniform_prepare:mesh/c#0,1,0.000000000
static_P_Cd_65536,8,7,1,initial_domain_inclusive:uniform_prepare:mesh/geo#2#0,1,0.000000000
static_P_Cd_65536,8,7,1,initial_domain_inclusive:uniform_prepare:mesh/img,1,0.006261110
static_P_Cd_65536,8,7,1,initial_domain_inclusive:uniform_prepare:mesh/p#0,1,0.000000000
static_P_Cd_65536,8,7,1,worker_internal_unobserved,0,
static_P_Cd_65536,8,0,200,initial_domain_inclusive:whole_trial,1,1.508476973
static_P_Cd_65536,8,0,200,initial_domain_inclusive:gpu_source_arrays,200,0.000482798
static_P_Cd_65536,8,0,200,initial_domain_inclusive:output_accumulator_setup:mesh/c#0,200,0.000009537
static_P_Cd_65536,8,0,200,initial_domain_inclusive:output_accumulator_setup:mesh/p#0,200,0.000013828
static_P_Cd_65536,8,0,200,initial_domain_inclusive:owner_arguments,400,0.000167608
static_P_Cd_65536,8,0,200,initial_domain_inclusive:packed_prepare,200,1.099550724
static_P_Cd_65536,8,0,200,initial_domain_inclusive:run_completed_execution,200,0.253702164
static_P_Cd_65536,8,0,200,initial_domain_inclusive:run_pack_upload,200,0.000261545
static_P_Cd_65536,8,0,200,initial_domain_inclusive:runtime_publication,200,0.000133991
static_P_Cd_65536,8,0,200,initial_domain_inclusive:seed_eval:mesh/c#0,200,0.000097275
static_P_Cd_65536,8,0,200,initial_domain_inclusive:seed_eval:mesh/p#0,200,0.000104666
static_P_Cd_65536,8,0,200,initial_domain_inclusive:sink_conversion,200,0.150702715
static_P_Cd_65536,8,0,200,initial_domain_inclusive:source_arrays:mesh/c#0,200,0.000213146
static_P_Cd_65536,8,0,200,initial_domain_inclusive:source_arrays:mesh/p#0,200,0.000319004
static_P_Cd_65536,8,0,200,initial_domain_inclusive:source_preflight,400,0.000971317
static_P_Cd_65536,8,0,200,initial_domain_inclusive:traversal_including_chunk_scratch:mesh/c#0,200,0.547009706
static_P_Cd_65536,8,0,200,initial_domain_inclusive:traversal_including_chunk_scratch:mesh/p#0,200,0.546203375
static_P_Cd_65536,8,0,200,initial_domain_inclusive:uniform_compile:mesh/c#0,200,0.000536203
static_P_Cd_65536,8,0,200,initial_domain_inclusive:uniform_compile:mesh/p#0,200,0.000629187
static_P_Cd_65536,8,0,200,initial_domain_inclusive:uniform_execute:mesh/c#0,200,0.548424959
static_P_Cd_65536,8,0,200,initial_domain_inclusive:uniform_execute:mesh/p#0,200,0.547785282
static_P_Cd_65536,8,0,200,initial_domain_inclusive:uniform_prepare:mesh/c#0,200,0.000011921
static_P_Cd_65536,8,0,200,initial_domain_inclusive:uniform_prepare:mesh/img,200,1.098653078
static_P_Cd_65536,8,0,200,initial_domain_inclusive:uniform_prepare:mesh/p#0,200,0.000009537
static_P_Cd_65536,8,1,200,initial_domain_inclusive:whole_trial,1,1.520754099
static_P_Cd_65536,8,1,200,initial_domain_inclusive:gpu_source_arrays,200,0.000459433
static_P_Cd_65536,8,1,200,initial_domain_inclusive:output_accumulator_setup:mesh/c#0,200,0.000010967
static_P_Cd_65536,8,1,200,initial_domain_inclusive:output_accumulator_setup:mesh/p#0,200,0.000010967
static_P_Cd_65536,8,1,200,initial_domain_inclusive:owner_arguments,400,0.000193357
static_P_Cd_65536,8,1,200,initial_domain_inclusive:packed_prepare,200,1.117189884
static_P_Cd_65536,8,1,200,initial_domain_inclusive:run_completed_execution,200,0.246610403
static_P_Cd_65536,8,1,200,initial_domain_inclusive:run_pack_upload,200,0.000273943
static_P_Cd_65536,8,1,200,initial_domain_inclusive:runtime_publication,200,0.000151873
static_P_Cd_65536,8,1,200,initial_domain_inclusive:seed_eval:mesh/c#0,200,0.000090122
static_P_Cd_65536,8,1,200,initial_domain_inclusive:seed_eval:mesh/p#0,200,0.000107288
static_P_Cd_65536,8,1,200,initial_domain_inclusive:sink_conversion,200,0.152238369
static_P_Cd_65536,8,1,200,initial_domain_inclusive:source_arrays:mesh/c#0,200,0.000271082
static_P_Cd_65536,8,1,200,initial_domain_inclusive:source_arrays:mesh/p#0,200,0.000363588
static_P_Cd_65536,8,1,200,initial_domain_inclusive:source_preflight,400,0.001013517
static_P_Cd_65536,8,1,200,initial_domain_inclusive:traversal_including_chunk_scratch:mesh/c#0,200,0.555922270
static_P_Cd_65536,8,1,200,initial_domain_inclusive:traversal_including_chunk_scratch:mesh/p#0,200,0.554765701
static_P_Cd_65536,8,1,200,initial_domain_inclusive:uniform_compile:mesh/c#0,200,0.000552177
static_P_Cd_65536,8,1,200,initial_domain_inclusive:uniform_compile:mesh/p#0,200,0.000667334
static_P_Cd_65536,8,1,200,initial_domain_inclusive:uniform_execute:mesh/c#0,200,0.557391405
static_P_Cd_65536,8,1,200,initial_domain_inclusive:uniform_execute:mesh/p#0,200,0.556416988
static_P_Cd_65536,8,1,200,initial_domain_inclusive:uniform_prepare:mesh/c#0,200,0.000008106
static_P_Cd_65536,8,1,200,initial_domain_inclusive:uniform_prepare:mesh/img,200,1.116308451
static_P_Cd_65536,8,1,200,initial_domain_inclusive:uniform_prepare:mesh/p#0,200,0.000009298
static_P_Cd_65536,8,2,200,initial_domain_inclusive:whole_trial,1,1.527231932
static_P_Cd_65536,8,2,200,initial_domain_inclusive:gpu_source_arrays,200,0.000433683
static_P_Cd_65536,8,2,200,initial_domain_inclusive:output_accumulator_setup:mesh/c#0,200,0.000006199
static_P_Cd_65536,8,2,200,initial_domain_inclusive:output_accumulator_setup:mesh/p#0,200,0.000014782
static_P_Cd_65536,8,2,200,initial_domain_inclusive:owner_arguments,400,0.000188589
static_P_Cd_65536,8,2,200,initial_domain_inclusive:packed_prepare,200,1.117313385
static_P_Cd_65536,8,2,200,initial_domain_inclusive:run_completed_execution,200,0.254193783
static_P_Cd_65536,8,2,200,initial_domain_inclusive:run_pack_upload,200,0.000231504
static_P_Cd_65536,8,2,200,initial_domain_inclusive:runtime_publication,200,0.000138283
static_P_Cd_65536,8,2,200,initial_domain_inclusive:seed_eval:mesh/c#0,200,0.000086069
static_P_Cd_65536,8,2,200,initial_domain_inclusive:seed_eval:mesh/p#0,200,0.000097275
static_P_Cd_65536,8,2,200,initial_domain_inclusive:sink_conversion,200,0.151282072
static_P_Cd_65536,8,2,200,initial_domain_inclusive:source_arrays:mesh/c#0,200,0.000264883
static_P_Cd_65536,8,2,200,initial_domain_inclusive:source_arrays:mesh/p#0,200,0.000335217
static_P_Cd_65536,8,2,200,initial_domain_inclusive:source_preflight,400,0.000963926
static_P_Cd_65536,8,2,200,initial_domain_inclusive:traversal_including_chunk_scratch:mesh/c#0,200,0.556116343
static_P_Cd_65536,8,2,200,initial_domain_inclusive:traversal_including_chunk_scratch:mesh/p#0,200,0.554866791
static_P_Cd_65536,8,2,200,initial_domain_inclusive:uniform_compile:mesh/c#0,200,0.000494003
static_P_Cd_65536,8,2,200,initial_domain_inclusive:uniform_compile:mesh/p#0,200,0.000635147
static_P_Cd_65536,8,2,200,initial_domain_inclusive:uniform_execute:mesh/c#0,200,0.557565451
static_P_Cd_65536,8,2,200,initial_domain_inclusive:uniform_execute:mesh/p#0,200,0.556475163
static_P_Cd_65536,8,2,200,initial_domain_inclusive:uniform_prepare:mesh/c#0,200,0.000009060
static_P_Cd_65536,8,2,200,initial_domain_inclusive:uniform_prepare:mesh/img,200,1.116453409
static_P_Cd_65536,8,2,200,initial_domain_inclusive:uniform_prepare:mesh/p#0,200,0.000012159
static_P_Cd_65536,8,3,200,initial_domain_inclusive:whole_trial,1,1.513963938
static_P_Cd_65536,8,3,200,initial_domain_inclusive:gpu_source_arrays,200,0.000462055
static_P_Cd_65536,8,3,200,initial_domain_inclusive:output_accumulator_setup:mesh/c#0,200,0.000007629
static_P_Cd_65536,8,3,200,initial_domain_inclusive:output_accumulator_setup:mesh/p#0,200,0.000018358
static_P_Cd_65536,8,3,200,initial_domain_inclusive:owner_arguments,400,0.000197887
static_P_Cd_65536,8,3,200,initial_domain_inclusive:packed_prepare,200,1.113386393
static_P_Cd_65536,8,3,200,initial_domain_inclusive:run_completed_execution,200,0.246067286
static_P_Cd_65536,8,3,200,initial_domain_inclusive:run_pack_upload,200,0.000234365
static_P_Cd_65536,8,3,200,initial_domain_inclusive:runtime_publication,200,0.000127554
static_P_Cd_65536,8,3,200,initial_domain_inclusive:seed_eval:mesh/c#0,200,0.000089407
static_P_Cd_65536,8,3,200,initial_domain_inclusive:seed_eval:mesh/p#0,200,0.000101328
static_P_Cd_65536,8,3,200,initial_domain_inclusive:sink_conversion,200,0.150034189
static_P_Cd_65536,8,3,200,initial_domain_inclusive:source_arrays:mesh/c#0,200,0.000256777
static_P_Cd_65536,8,3,200,initial_domain_inclusive:source_arrays:mesh/p#0,200,0.000346422
static_P_Cd_65536,8,3,200,initial_domain_inclusive:source_preflight,400,0.000956297
static_P_Cd_65536,8,3,200,initial_domain_inclusive:traversal_including_chunk_scratch:mesh/c#0,200,0.554207563
static_P_Cd_65536,8,3,200,initial_domain_inclusive:traversal_including_chunk_scratch:mesh/p#0,200,0.552966118
static_P_Cd_65536,8,3,200,initial_domain_inclusive:uniform_compile:mesh/c#0,200,0.000489473
static_P_Cd_65536,8,3,200,initial_domain_inclusive:uniform_compile:mesh/p#0,200,0.000612736
static_P_Cd_65536,8,3,200,initial_domain_inclusive:uniform_execute:mesh/c#0,200,0.555642605
static_P_Cd_65536,8,3,200,initial_domain_inclusive:uniform_execute:mesh/p#0,200,0.554558039
static_P_Cd_65536,8,3,200,initial_domain_inclusive:uniform_prepare:mesh/c#0,200,0.000008821
static_P_Cd_65536,8,3,200,initial_domain_inclusive:uniform_prepare:mesh/img,200,1.112502575
static_P_Cd_65536,8,3,200,initial_domain_inclusive:uniform_prepare:mesh/p#0,200,0.000006914
static_P_Cd_65536,8,4,200,initial_domain_inclusive:whole_trial,1,1.515949011
static_P_Cd_65536,8,4,200,initial_domain_inclusive:gpu_source_arrays,200,0.000420332
static_P_Cd_65536,8,4,200,initial_domain_inclusive:output_accumulator_setup:mesh/c#0,200,0.000009060
static_P_Cd_65536,8,4,200,initial_domain_inclusive:output_accumulator_setup:mesh/p#0,200,0.000018597
static_P_Cd_65536,8,4,200,initial_domain_inclusive:owner_arguments,400,0.000192881
static_P_Cd_65536,8,4,200,initial_domain_inclusive:packed_prepare,200,1.116754293
static_P_Cd_65536,8,4,200,initial_domain_inclusive:run_completed_execution,200,0.244133472
static_P_Cd_65536,8,4,200,initial_domain_inclusive:run_pack_upload,200,0.000250578
static_P_Cd_65536,8,4,200,initial_domain_inclusive:runtime_publication,200,0.000141144
static_P_Cd_65536,8,4,200,initial_domain_inclusive:seed_eval:mesh/c#0,200,0.000094414
static_P_Cd_65536,8,4,200,initial_domain_inclusive:seed_eval:mesh/p#0,200,0.000076294
static_P_Cd_65536,8,4,200,initial_domain_inclusive:sink_conversion,200,0.150496721
static_P_Cd_65536,8,4,200,initial_domain_inclusive:source_arrays:mesh/c#0,200,0.000221491
static_P_Cd_65536,8,4,200,initial_domain_inclusive:source_arrays:mesh/p#0,200,0.000344276
static_P_Cd_65536,8,4,200,initial_domain_inclusive:source_preflight,400,0.000987768
static_P_Cd_65536,8,4,200,initial_domain_inclusive:traversal_including_chunk_scratch:mesh/c#0,200,0.556048155
static_P_Cd_65536,8,4,200,initial_domain_inclusive:traversal_including_chunk_scratch:mesh/p#0,200,0.554495096
static_P_Cd_65536,8,4,200,initial_domain_inclusive:uniform_compile:mesh/c#0,200,0.000474691
static_P_Cd_65536,8,4,200,initial_domain_inclusive:uniform_compile:mesh/p#0,200,0.000638962
static_P_Cd_65536,8,4,200,initial_domain_inclusive:uniform_execute:mesh/c#0,200,0.557472229
static_P_Cd_65536,8,4,200,initial_domain_inclusive:uniform_execute:mesh/p#0,200,0.556086063
static_P_Cd_65536,8,4,200,initial_domain_inclusive:uniform_prepare:mesh/c#0,200,0.000015020
static_P_Cd_65536,8,4,200,initial_domain_inclusive:uniform_prepare:mesh/img,200,1.115915298
static_P_Cd_65536,8,4,200,initial_domain_inclusive:uniform_prepare:mesh/p#0,200,0.000014782
static_P_Cd_65536,8,5,200,initial_domain_inclusive:whole_trial,1,1.515009880
static_P_Cd_65536,8,5,200,initial_domain_inclusive:gpu_source_arrays,200,0.000457764
static_P_Cd_65536,8,5,200,initial_domain_inclusive:output_accumulator_setup:mesh/c#0,200,0.000005722
static_P_Cd_65536,8,5,200,initial_domain_inclusive:output_accumulator_setup:mesh/p#0,200,0.000008821
static_P_Cd_65536,8,5,200,initial_domain_inclusive:owner_arguments,400,0.000238180
static_P_Cd_65536,8,5,200,initial_domain_inclusive:packed_prepare,200,1.118876457
static_P_Cd_65536,8,5,200,initial_domain_inclusive:run_completed_execution,200,0.241496801
static_P_Cd_65536,8,5,200,initial_domain_inclusive:run_pack_upload,200,0.000249147
static_P_Cd_65536,8,5,200,initial_domain_inclusive:runtime_publication,200,0.000152111
static_P_Cd_65536,8,5,200,initial_domain_inclusive:seed_eval:mesh/c#0,200,0.000081539
static_P_Cd_65536,8,5,200,initial_domain_inclusive:seed_eval:mesh/p#0,200,0.000088692
static_P_Cd_65536,8,5,200,initial_domain_inclusive:sink_conversion,200,0.149957180
static_P_Cd_65536,8,5,200,initial_domain_inclusive:source_arrays:mesh/c#0,200,0.000262737
static_P_Cd_65536,8,5,200,initial_domain_inclusive:source_arrays:mesh/p#0,200,0.000361443
static_P_Cd_65536,8,5,200,initial_domain_inclusive:source_preflight,400,0.001004696
static_P_Cd_65536,8,5,200,initial_domain_inclusive:traversal_including_chunk_scratch:mesh/c#0,200,0.556986809
static_P_Cd_65536,8,5,200,initial_domain_inclusive:traversal_including_chunk_scratch:mesh/p#0,200,0.555527925
static_P_Cd_65536,8,5,200,initial_domain_inclusive:uniform_compile:mesh/c#0,200,0.000483036
static_P_Cd_65536,8,5,200,initial_domain_inclusive:uniform_compile:mesh/p#0,200,0.000647306
static_P_Cd_65536,8,5,200,initial_domain_inclusive:uniform_execute:mesh/c#0,200,0.558442116
static_P_Cd_65536,8,5,200,initial_domain_inclusive:uniform_execute:mesh/p#0,200,0.557142019
static_P_Cd_65536,8,5,200,initial_domain_inclusive:uniform_prepare:mesh/c#0,200,0.000010252
static_P_Cd_65536,8,5,200,initial_domain_inclusive:uniform_prepare:mesh/img,200,1.117980480
static_P_Cd_65536,8,5,200,initial_domain_inclusive:uniform_prepare:mesh/p#0,200,0.000006199
static_P_Cd_65536,8,6,200,initial_domain_inclusive:whole_trial,1,1.516959906
static_P_Cd_65536,8,6,200,initial_domain_inclusive:gpu_source_arrays,200,0.000466824
static_P_Cd_65536,8,6,200,initial_domain_inclusive:output_accumulator_setup:mesh/c#0,200,0.000005722
static_P_Cd_65536,8,6,200,initial_domain_inclusive:output_accumulator_setup:mesh/p#0,200,0.000018120
static_P_Cd_65536,8,6,200,initial_domain_inclusive:owner_arguments,400,0.000172615
static_P_Cd_65536,8,6,200,initial_domain_inclusive:packed_prepare,200,1.113223314
static_P_Cd_65536,8,6,200,initial_domain_inclusive:run_completed_execution,200,0.248468876
static_P_Cd_65536,8,6,200,initial_domain_inclusive:run_pack_upload,200,0.000239849
static_P_Cd_65536,8,6,200,initial_domain_inclusive:runtime_publication,200,0.000137091
static_P_Cd_65536,8,6,200,initial_domain_inclusive:seed_eval:mesh/c#0,200,0.000092506
static_P_Cd_65536,8,6,200,initial_domain_inclusive:seed_eval:mesh/p#0,200,0.000108004
static_P_Cd_65536,8,6,200,initial_domain_inclusive:sink_conversion,200,0.150786400
static_P_Cd_65536,8,6,200,initial_domain_inclusive:source_arrays:mesh/c#0,200,0.000238419
static_P_Cd_65536,8,6,200,initial_domain_inclusive:source_arrays:mesh/p#0,200,0.000356674
static_P_Cd_65536,8,6,200,initial_domain_inclusive:source_preflight,400,0.000971079
static_P_Cd_65536,8,6,200,initial_domain_inclusive:traversal_including_chunk_scratch:mesh/c#0,200,0.553733587
static_P_Cd_65536,8,6,200,initial_domain_inclusive:traversal_including_chunk_scratch:mesh/p#0,200,0.553231478
static_P_Cd_65536,8,6,200,initial_domain_inclusive:uniform_compile:mesh/c#0,200,0.000479698
static_P_Cd_65536,8,6,200,initial_domain_inclusive:uniform_compile:mesh/p#0,200,0.000645161
static_P_Cd_65536,8,6,200,initial_domain_inclusive:uniform_execute:mesh/c#0,200,0.555152655
static_P_Cd_65536,8,6,200,initial_domain_inclusive:uniform_execute:mesh/p#0,200,0.554835081
static_P_Cd_65536,8,6,200,initial_domain_inclusive:uniform_prepare:mesh/c#0,200,0.000011921
static_P_Cd_65536,8,6,200,initial_domain_inclusive:uniform_prepare:mesh/img,200,1.112337351
static_P_Cd_65536,8,6,200,initial_domain_inclusive:uniform_prepare:mesh/p#0,200,0.000007868
changing_P_Cd_65536,8,1,1,initial_domain_inclusive:whole_trial,1,0.022299051
changing_P_Cd_65536,8,1,1,initial_domain_inclusive:output_accumulator_setup:mesh/c#0,1,0.000000000
changing_P_Cd_65536,8,1,1,initial_domain_inclusive:output_accumulator_setup:mesh/geo#2#0,1,0.000027180
changing_P_Cd_65536,8,1,1,initial_domain_inclusive:output_accumulator_setup:mesh/img,1,0.000551939
changing_P_Cd_65536,8,1,1,initial_domain_inclusive:output_accumulator_setup:mesh/p#0,1,0.000000000
changing_P_Cd_65536,8,1,1,initial_domain_inclusive:owner_arguments,1,0.000003099
changing_P_Cd_65536,8,1,1,initial_domain_inclusive:seed_eval:mesh/c#0,1,0.000000954
changing_P_Cd_65536,8,1,1,initial_domain_inclusive:seed_eval:mesh/geo#2#0,1,0.000000954
changing_P_Cd_65536,8,1,1,initial_domain_inclusive:seed_eval:mesh/img,1,0.000000000
changing_P_Cd_65536,8,1,1,initial_domain_inclusive:seed_eval:mesh/p#0,1,0.000000954
changing_P_Cd_65536,8,1,1,initial_domain_inclusive:source_arrays:mesh/c#0,1,0.000179052
changing_P_Cd_65536,8,1,1,initial_domain_inclusive:source_arrays:mesh/geo#2#0,1,0.000188112
changing_P_Cd_65536,8,1,1,initial_domain_inclusive:source_arrays:mesh/img,1,0.000002861
changing_P_Cd_65536,8,1,1,initial_domain_inclusive:source_arrays:mesh/p#0,1,0.000190973
changing_P_Cd_65536,8,1,1,initial_domain_inclusive:source_preflight,1,0.000043154
changing_P_Cd_65536,8,1,1,initial_domain_inclusive:traversal_including_chunk_scratch:mesh/c#0,1,0.002714872
changing_P_Cd_65536,8,1,1,initial_domain_inclusive:traversal_including_chunk_scratch:mesh/geo#2#0,1,0.000617981
changing_P_Cd_65536,8,1,1,initial_domain_inclusive:traversal_including_chunk_scratch:mesh/img,1,0.007975817
changing_P_Cd_65536,8,1,1,initial_domain_inclusive:traversal_including_chunk_scratch:mesh/p#0,1,0.002727985
changing_P_Cd_65536,8,1,1,initial_domain_inclusive:uniform_compile:mesh/c#0,1,0.000002146
changing_P_Cd_65536,8,1,1,initial_domain_inclusive:uniform_compile:mesh/p#0,1,0.000007868
changing_P_Cd_65536,8,1,1,initial_domain_inclusive:uniform_execute:mesh/c#0,1,0.002898932
changing_P_Cd_65536,8,1,1,initial_domain_inclusive:uniform_execute:mesh/p#0,1,0.002923965
changing_P_Cd_65536,8,1,1,initial_domain_inclusive:uniform_prepare:mesh/c#0,1,0.000000000
changing_P_Cd_65536,8,1,1,initial_domain_inclusive:uniform_prepare:mesh/geo#2#0,1,0.000002861
changing_P_Cd_65536,8,1,1,initial_domain_inclusive:uniform_prepare:mesh/img,1,0.005841970
changing_P_Cd_65536,8,1,1,initial_domain_inclusive:uniform_prepare:mesh/p#0,1,0.000000000
changing_P_Cd_65536,8,1,1,worker_internal_unobserved,0,
changing_P_Cd_65536,8,2,1,initial_domain_inclusive:whole_trial,1,0.022413015
changing_P_Cd_65536,8,2,1,initial_domain_inclusive:output_accumulator_setup:mesh/c#0,1,0.000000000
changing_P_Cd_65536,8,2,1,initial_domain_inclusive:output_accumulator_setup:mesh/geo#2#0,1,0.000031948
changing_P_Cd_65536,8,2,1,initial_domain_inclusive:output_accumulator_setup:mesh/img,1,0.000576973
changing_P_Cd_65536,8,2,1,initial_domain_inclusive:output_accumulator_setup:mesh/p#0,1,0.000000000
changing_P_Cd_65536,8,2,1,initial_domain_inclusive:owner_arguments,1,0.000001907
changing_P_Cd_65536,8,2,1,initial_domain_inclusive:seed_eval:mesh/c#0,1,0.000000954
changing_P_Cd_65536,8,2,1,initial_domain_inclusive:seed_eval:mesh/geo#2#0,1,0.000000000
changing_P_Cd_65536,8,2,1,initial_domain_inclusive:seed_eval:mesh/img,1,0.000000000
changing_P_Cd_65536,8,2,1,initial_domain_inclusive:seed_eval:mesh/p#0,1,0.000000000
changing_P_Cd_65536,8,2,1,initial_domain_inclusive:source_arrays:mesh/c#0,1,0.000180006
changing_P_Cd_65536,8,2,1,initial_domain_inclusive:source_arrays:mesh/geo#2#0,1,0.000186920
changing_P_Cd_65536,8,2,1,initial_domain_inclusive:source_arrays:mesh/img,1,0.000003099
changing_P_Cd_65536,8,2,1,initial_domain_inclusive:source_arrays:mesh/p#0,1,0.000185966
changing_P_Cd_65536,8,2,1,initial_domain_inclusive:source_preflight,1,0.000053167
changing_P_Cd_65536,8,2,1,initial_domain_inclusive:traversal_including_chunk_scratch:mesh/c#0,1,0.002769947
changing_P_Cd_65536,8,2,1,initial_domain_inclusive:traversal_including_chunk_scratch:mesh/geo#2#0,1,0.000859976
changing_P_Cd_65536,8,2,1,initial_domain_inclusive:traversal_including_chunk_scratch:mesh/img,1,0.007917881
changing_P_Cd_65536,8,2,1,initial_domain_inclusive:traversal_including_chunk_scratch:mesh/p#0,1,0.002724886
changing_P_Cd_65536,8,2,1,initial_domain_inclusive:uniform_compile:mesh/c#0,1,0.000001907
changing_P_Cd_65536,8,2,1,initial_domain_inclusive:uniform_compile:mesh/p#0,1,0.000007153
changing_P_Cd_65536,8,2,1,initial_domain_inclusive:uniform_execute:mesh/c#0,1,0.002959013
changing_P_Cd_65536,8,2,1,initial_domain_inclusive:uniform_execute:mesh/p#0,1,0.002914906
changing_P_Cd_65536,8,2,1,initial_domain_inclusive:uniform_prepare:mesh/c#0,1,0.000000000
changing_P_Cd_65536,8,2,1,initial_domain_inclusive:uniform_prepare:mesh/geo#2#0,1,0.000001907
changing_P_Cd_65536,8,2,1,initial_domain_inclusive:uniform_prepare:mesh/img,1,0.005892992
changing_P_Cd_65536,8,2,1,initial_domain_inclusive:uniform_prepare:mesh/p#0,1,0.000000000
changing_P_Cd_65536,8,2,1,worker_internal_unobserved,0,
changing_P_Cd_65536,8,3,1,initial_domain_inclusive:whole_trial,1,0.022869110
changing_P_Cd_65536,8,3,1,initial_domain_inclusive:output_accumulator_setup:mesh/c#0,1,0.000000000
changing_P_Cd_65536,8,3,1,initial_domain_inclusive:output_accumulator_setup:mesh/geo#2#0,1,0.000030994
changing_P_Cd_65536,8,3,1,initial_domain_inclusive:output_accumulator_setup:mesh/img,1,0.000552893
changing_P_Cd_65536,8,3,1,initial_domain_inclusive:output_accumulator_setup:mesh/p#0,1,0.000000000
changing_P_Cd_65536,8,3,1,initial_domain_inclusive:owner_arguments,1,0.000000954
changing_P_Cd_65536,8,3,1,initial_domain_inclusive:seed_eval:mesh/c#0,1,0.000000000
changing_P_Cd_65536,8,3,1,initial_domain_inclusive:seed_eval:mesh/geo#2#0,1,0.000001192
changing_P_Cd_65536,8,3,1,initial_domain_inclusive:seed_eval:mesh/img,1,0.000000000
changing_P_Cd_65536,8,3,1,initial_domain_inclusive:seed_eval:mesh/p#0,1,0.000000954
changing_P_Cd_65536,8,3,1,initial_domain_inclusive:source_arrays:mesh/c#0,1,0.000183105
changing_P_Cd_65536,8,3,1,initial_domain_inclusive:source_arrays:mesh/geo#2#0,1,0.000191927
changing_P_Cd_65536,8,3,1,initial_domain_inclusive:source_arrays:mesh/img,1,0.000003099
changing_P_Cd_65536,8,3,1,initial_domain_inclusive:source_arrays:mesh/p#0,1,0.000180006
changing_P_Cd_65536,8,3,1,initial_domain_inclusive:source_preflight,1,0.000046015
changing_P_Cd_65536,8,3,1,initial_domain_inclusive:traversal_including_chunk_scratch:mesh/c#0,1,0.002711058
changing_P_Cd_65536,8,3,1,initial_domain_inclusive:traversal_including_chunk_scratch:mesh/geo#2#0,1,0.000770092
changing_P_Cd_65536,8,3,1,initial_domain_inclusive:traversal_including_chunk_scratch:mesh/img,1,0.008588076
changing_P_Cd_65536,8,3,1,initial_domain_inclusive:traversal_including_chunk_scratch:mesh/p#0,1,0.002688169
changing_P_Cd_65536,8,3,1,initial_domain_inclusive:uniform_compile:mesh/c#0,1,0.000002146
changing_P_Cd_65536,8,3,1,initial_domain_inclusive:uniform_compile:mesh/p#0,1,0.000007153
changing_P_Cd_65536,8,3,1,initial_domain_inclusive:uniform_execute:mesh/c#0,1,0.002898932
changing_P_Cd_65536,8,3,1,initial_domain_inclusive:uniform_execute:mesh/p#0,1,0.002872944
changing_P_Cd_65536,8,3,1,initial_domain_inclusive:uniform_prepare:mesh/c#0,1,0.000000000
changing_P_Cd_65536,8,3,1,initial_domain_inclusive:uniform_prepare:mesh/geo#2#0,1,0.000002146
changing_P_Cd_65536,8,3,1,initial_domain_inclusive:uniform_prepare:mesh/img,1,0.005788088
changing_P_Cd_65536,8,3,1,initial_domain_inclusive:uniform_prepare:mesh/p#0,1,0.000000000
changing_P_Cd_65536,8,3,1,worker_internal_unobserved,0,
changing_P_Cd_65536,8,4,1,initial_domain_inclusive:whole_trial,1,0.023395061
changing_P_Cd_65536,8,4,1,initial_domain_inclusive:output_accumulator_setup:mesh/c#0,1,0.000000000
changing_P_Cd_65536,8,4,1,initial_domain_inclusive:output_accumulator_setup:mesh/geo#2#0,1,0.000028133
changing_P_Cd_65536,8,4,1,initial_domain_inclusive:output_accumulator_setup:mesh/img,1,0.000552177
changing_P_Cd_65536,8,4,1,initial_domain_inclusive:output_accumulator_setup:mesh/p#0,1,0.000000000
changing_P_Cd_65536,8,4,1,initial_domain_inclusive:owner_arguments,1,0.000000954
changing_P_Cd_65536,8,4,1,initial_domain_inclusive:seed_eval:mesh/c#0,1,0.000000000
changing_P_Cd_65536,8,4,1,initial_domain_inclusive:seed_eval:mesh/geo#2#0,1,0.000000000
changing_P_Cd_65536,8,4,1,initial_domain_inclusive:seed_eval:mesh/img,1,0.000000000
changing_P_Cd_65536,8,4,1,initial_domain_inclusive:seed_eval:mesh/p#0,1,0.000000954
changing_P_Cd_65536,8,4,1,initial_domain_inclusive:source_arrays:mesh/c#0,1,0.000184059
changing_P_Cd_65536,8,4,1,initial_domain_inclusive:source_arrays:mesh/geo#2#0,1,0.000185013
changing_P_Cd_65536,8,4,1,initial_domain_inclusive:source_arrays:mesh/img,1,0.000004053
changing_P_Cd_65536,8,4,1,initial_domain_inclusive:source_arrays:mesh/p#0,1,0.000181198
changing_P_Cd_65536,8,4,1,initial_domain_inclusive:source_preflight,1,0.000038147
changing_P_Cd_65536,8,4,1,initial_domain_inclusive:traversal_including_chunk_scratch:mesh/c#0,1,0.002700806
changing_P_Cd_65536,8,4,1,initial_domain_inclusive:traversal_including_chunk_scratch:mesh/geo#2#0,1,0.000547886
changing_P_Cd_65536,8,4,1,initial_domain_inclusive:traversal_including_chunk_scratch:mesh/img,1,0.008406878
changing_P_Cd_65536,8,4,1,initial_domain_inclusive:traversal_including_chunk_scratch:mesh/p#0,1,0.002700090
changing_P_Cd_65536,8,4,1,initial_domain_inclusive:uniform_compile:mesh/c#0,1,0.000002146
changing_P_Cd_65536,8,4,1,initial_domain_inclusive:uniform_compile:mesh/p#0,1,0.000005960
changing_P_Cd_65536,8,4,1,initial_domain_inclusive:uniform_execute:mesh/c#0,1,0.002890110
changing_P_Cd_65536,8,4,1,initial_domain_inclusive:uniform_execute:mesh/p#0,1,0.002886057
changing_P_Cd_65536,8,4,1,initial_domain_inclusive:uniform_prepare:mesh/c#0,1,0.000000000
changing_P_Cd_65536,8,4,1,initial_domain_inclusive:uniform_prepare:mesh/geo#2#0,1,0.000001907
changing_P_Cd_65536,8,4,1,initial_domain_inclusive:uniform_prepare:mesh/img,1,0.005792856
changing_P_Cd_65536,8,4,1,initial_domain_inclusive:uniform_prepare:mesh/p#0,1,0.000000000
changing_P_Cd_65536,8,4,1,worker_internal_unobserved,0,
changing_P_Cd_65536,8,5,1,initial_domain_inclusive:whole_trial,1,0.021789074
changing_P_Cd_65536,8,5,1,initial_domain_inclusive:output_accumulator_setup:mesh/c#0,1,0.000000000
changing_P_Cd_65536,8,5,1,initial_domain_inclusive:output_accumulator_setup:mesh/geo#2#0,1,0.000031948
changing_P_Cd_65536,8,5,1,initial_domain_inclusive:output_accumulator_setup:mesh/img,1,0.000568151
changing_P_Cd_65536,8,5,1,initial_domain_inclusive:output_accumulator_setup:mesh/p#0,1,0.000000000
changing_P_Cd_65536,8,5,1,initial_domain_inclusive:owner_arguments,1,0.000001192
changing_P_Cd_65536,8,5,1,initial_domain_inclusive:seed_eval:mesh/c#0,1,0.000000000
changing_P_Cd_65536,8,5,1,initial_domain_inclusive:seed_eval:mesh/geo#2#0,1,0.000000000
changing_P_Cd_65536,8,5,1,initial_domain_inclusive:seed_eval:mesh/img,1,0.000000000
changing_P_Cd_65536,8,5,1,initial_domain_inclusive:seed_eval:mesh/p#0,1,0.000000000
changing_P_Cd_65536,8,5,1,initial_domain_inclusive:source_arrays:mesh/c#0,1,0.000180960
changing_P_Cd_65536,8,5,1,initial_domain_inclusive:source_arrays:mesh/geo#2#0,1,0.000185966
changing_P_Cd_65536,8,5,1,initial_domain_inclusive:source_arrays:mesh/img,1,0.000003099
changing_P_Cd_65536,8,5,1,initial_domain_inclusive:source_arrays:mesh/p#0,1,0.000180006
changing_P_Cd_65536,8,5,1,initial_domain_inclusive:source_preflight,1,0.000041962
changing_P_Cd_65536,8,5,1,initial_domain_inclusive:traversal_including_chunk_scratch:mesh/c#0,1,0.002779007
changing_P_Cd_65536,8,5,1,initial_domain_inclusive:traversal_including_chunk_scratch:mesh/geo#2#0,1,0.000296116
changing_P_Cd_65536,8,5,1,initial_domain_inclusive:traversal_including_chunk_scratch:mesh/img,1,0.007976055
changing_P_Cd_65536,8,5,1,initial_domain_inclusive:traversal_including_chunk_scratch:mesh/p#0,1,0.002712011
changing_P_Cd_65536,8,5,1,initial_domain_inclusive:uniform_compile:mesh/c#0,1,0.000003815
changing_P_Cd_65536,8,5,1,initial_domain_inclusive:uniform_compile:mesh/p#0,1,0.000009060
changing_P_Cd_65536,8,5,1,initial_domain_inclusive:uniform_execute:mesh/c#0,1,0.002964973
changing_P_Cd_65536,8,5,1,initial_domain_inclusive:uniform_execute:mesh/p#0,1,0.002897978
changing_P_Cd_65536,8,5,1,initial_domain_inclusive:uniform_prepare:mesh/c#0,1,0.000000000
changing_P_Cd_65536,8,5,1,initial_domain_inclusive:uniform_prepare:mesh/geo#2#0,1,0.000001907
changing_P_Cd_65536,8,5,1,initial_domain_inclusive:uniform_prepare:mesh/img,1,0.005882978
changing_P_Cd_65536,8,5,1,initial_domain_inclusive:uniform_prepare:mesh/p#0,1,0.000000000
changing_P_Cd_65536,8,5,1,worker_internal_unobserved,0,
changing_P_Cd_65536,8,6,1,initial_domain_inclusive:whole_trial,1,0.022323847
changing_P_Cd_65536,8,6,1,initial_domain_inclusive:output_accumulator_setup:mesh/c#0,1,0.000000000
changing_P_Cd_65536,8,6,1,initial_domain_inclusive:output_accumulator_setup:mesh/geo#2#0,1,0.000026941
changing_P_Cd_65536,8,6,1,initial_domain_inclusive:output_accumulator_setup:mesh/img,1,0.000550032
changing_P_Cd_65536,8,6,1,initial_domain_inclusive:output_accumulator_setup:mesh/p#0,1,0.000000000
changing_P_Cd_65536,8,6,1,initial_domain_inclusive:owner_arguments,1,0.000001192
changing_P_Cd_65536,8,6,1,initial_domain_inclusive:seed_eval:mesh/c#0,1,0.000000954
changing_P_Cd_65536,8,6,1,initial_domain_inclusive:seed_eval:mesh/geo#2#0,1,0.000000954
changing_P_Cd_65536,8,6,1,initial_domain_inclusive:seed_eval:mesh/img,1,0.000000000
changing_P_Cd_65536,8,6,1,initial_domain_inclusive:seed_eval:mesh/p#0,1,0.000000954
changing_P_Cd_65536,8,6,1,initial_domain_inclusive:source_arrays:mesh/c#0,1,0.000180006
changing_P_Cd_65536,8,6,1,initial_domain_inclusive:source_arrays:mesh/geo#2#0,1,0.000188828
changing_P_Cd_65536,8,6,1,initial_domain_inclusive:source_arrays:mesh/img,1,0.000002861
changing_P_Cd_65536,8,6,1,initial_domain_inclusive:source_arrays:mesh/p#0,1,0.000190020
changing_P_Cd_65536,8,6,1,initial_domain_inclusive:source_preflight,1,0.000039816
changing_P_Cd_65536,8,6,1,initial_domain_inclusive:traversal_including_chunk_scratch:mesh/c#0,1,0.002743006
changing_P_Cd_65536,8,6,1,initial_domain_inclusive:traversal_including_chunk_scratch:mesh/geo#2#0,1,0.000485182
changing_P_Cd_65536,8,6,1,initial_domain_inclusive:traversal_including_chunk_scratch:mesh/img,1,0.008445024
changing_P_Cd_65536,8,6,1,initial_domain_inclusive:traversal_including_chunk_scratch:mesh/p#0,1,0.002729893
changing_P_Cd_65536,8,6,1,initial_domain_inclusive:uniform_compile:mesh/c#0,1,0.000002861
changing_P_Cd_65536,8,6,1,initial_domain_inclusive:uniform_compile:mesh/p#0,1,0.000005960
changing_P_Cd_65536,8,6,1,initial_domain_inclusive:uniform_execute:mesh/c#0,1,0.002928019
changing_P_Cd_65536,8,6,1,initial_domain_inclusive:uniform_execute:mesh/p#0,1,0.002925158
changing_P_Cd_65536,8,6,1,initial_domain_inclusive:uniform_prepare:mesh/c#0,1,0.000000000
changing_P_Cd_65536,8,6,1,initial_domain_inclusive:uniform_prepare:mesh/geo#2#0,1,0.000002146
changing_P_Cd_65536,8,6,1,initial_domain_inclusive:uniform_prepare:mesh/img,1,0.005870819
changing_P_Cd_65536,8,6,1,initial_domain_inclusive:uniform_prepare:mesh/p#0,1,0.000000000
changing_P_Cd_65536,8,6,1,worker_internal_unobserved,0,
changing_P_Cd_65536,8,7,1,initial_domain_inclusive:whole_trial,1,0.022610903
changing_P_Cd_65536,8,7,1,initial_domain_inclusive:output_accumulator_setup:mesh/c#0,1,0.000000000
changing_P_Cd_65536,8,7,1,initial_domain_inclusive:output_accumulator_setup:mesh/geo#2#0,1,0.000032187
changing_P_Cd_65536,8,7,1,initial_domain_inclusive:output_accumulator_setup:mesh/img,1,0.000560045
changing_P_Cd_65536,8,7,1,initial_domain_inclusive:output_accumulator_setup:mesh/p#0,1,0.000000000
changing_P_Cd_65536,8,7,1,initial_domain_inclusive:owner_arguments,1,0.000000954
changing_P_Cd_65536,8,7,1,initial_domain_inclusive:seed_eval:mesh/c#0,1,0.000000954
changing_P_Cd_65536,8,7,1,initial_domain_inclusive:seed_eval:mesh/geo#2#0,1,0.000000000
changing_P_Cd_65536,8,7,1,initial_domain_inclusive:seed_eval:mesh/img,1,0.000000000
changing_P_Cd_65536,8,7,1,initial_domain_inclusive:seed_eval:mesh/p#0,1,0.000001192
changing_P_Cd_65536,8,7,1,initial_domain_inclusive:source_arrays:mesh/c#0,1,0.000184059
changing_P_Cd_65536,8,7,1,initial_domain_inclusive:source_arrays:mesh/geo#2#0,1,0.000187159
changing_P_Cd_65536,8,7,1,initial_domain_inclusive:source_arrays:mesh/img,1,0.000003099
changing_P_Cd_65536,8,7,1,initial_domain_inclusive:source_arrays:mesh/p#0,1,0.000180006
changing_P_Cd_65536,8,7,1,initial_domain_inclusive:source_preflight,1,0.000042915
changing_P_Cd_65536,8,7,1,initial_domain_inclusive:traversal_including_chunk_scratch:mesh/c#0,1,0.002767086
changing_P_Cd_65536,8,7,1,initial_domain_inclusive:traversal_including_chunk_scratch:mesh/geo#2#0,1,0.000427961
changing_P_Cd_65536,8,7,1,initial_domain_inclusive:traversal_including_chunk_scratch:mesh/img,1,0.008040905
changing_P_Cd_65536,8,7,1,initial_domain_inclusive:traversal_including_chunk_scratch:mesh/p#0,1,0.002798080
changing_P_Cd_65536,8,7,1,initial_domain_inclusive:uniform_compile:mesh/c#0,1,0.000002146
changing_P_Cd_65536,8,7,1,initial_domain_inclusive:uniform_compile:mesh/p#0,1,0.000006914
changing_P_Cd_65536,8,7,1,initial_domain_inclusive:uniform_execute:mesh/c#0,1,0.002955914
changing_P_Cd_65536,8,7,1,initial_domain_inclusive:uniform_execute:mesh/p#0,1,0.002982140
changing_P_Cd_65536,8,7,1,initial_domain_inclusive:uniform_prepare:mesh/c#0,1,0.000000000
changing_P_Cd_65536,8,7,1,initial_domain_inclusive:uniform_prepare:mesh/geo#2#0,1,0.000001907
changing_P_Cd_65536,8,7,1,initial_domain_inclusive:uniform_prepare:mesh/img,1,0.005957127
changing_P_Cd_65536,8,7,1,initial_domain_inclusive:uniform_prepare:mesh/p#0,1,0.000000000
changing_P_Cd_65536,8,7,1,worker_internal_unobserved,0,
changing_P_Cd_65536,8,0,200,initial_domain_inclusive:whole_trial,1,2.098474026
changing_P_Cd_65536,8,0,200,initial_domain_inclusive:flatten,400,0.116096973
changing_P_Cd_65536,8,0,200,initial_domain_inclusive:gpu_source_arrays,200,0.000665426
changing_P_Cd_65536,8,0,200,initial_domain_inclusive:materialization,200,0.458287954
changing_P_Cd_65536,8,0,200,initial_domain_inclusive:output_accumulator_setup:mesh/c#0,200,0.000016689
changing_P_Cd_65536,8,0,200,initial_domain_inclusive:output_accumulator_setup:mesh/geo#2#0,200,0.026499510
changing_P_Cd_65536,8,0,200,initial_domain_inclusive:output_accumulator_setup:mesh/p#0,200,0.000018120
changing_P_Cd_65536,8,0,200,initial_domain_inclusive:owner_arguments,400,0.000160456
changing_P_Cd_65536,8,0,200,initial_domain_inclusive:packed_prepare,200,1.672445536
changing_P_Cd_65536,8,0,200,initial_domain_inclusive:run_completed_execution,200,0.255851746
changing_P_Cd_65536,8,0,200,initial_domain_inclusive:run_pack_upload,200,0.001087904
changing_P_Cd_65536,8,0,200,initial_domain_inclusive:runtime_publication,200,0.000490189
changing_P_Cd_65536,8,0,200,initial_domain_inclusive:seed_eval:mesh/c#0,200,0.000152588
changing_P_Cd_65536,8,0,200,initial_domain_inclusive:seed_eval:mesh/geo#2#0,200,0.000009298
changing_P_Cd_65536,8,0,200,initial_domain_inclusive:seed_eval:mesh/p#0,200,0.000104427
changing_P_Cd_65536,8,0,200,initial_domain_inclusive:sink_conversion,200,0.155547142
changing_P_Cd_65536,8,0,200,initial_domain_inclusive:source_arrays:mesh/c#0,200,0.057764292
changing_P_Cd_65536,8,0,200,initial_domain_inclusive:source_arrays:mesh/geo#2#0,200,0.059677124
changing_P_Cd_65536,8,0,200,initial_domain_inclusive:source_arrays:mesh/p#0,200,0.518478632
changing_P_Cd_65536,8,0,200,initial_domain_inclusive:source_preflight,400,0.007731438
changing_P_Cd_65536,8,0,200,initial_domain_inclusive:traversal_including_chunk_scratch:mesh/c#0,200,0.545890093
changing_P_Cd_65536,8,0,200,initial_domain_inclusive:traversal_including_chunk_scratch:mesh/geo#2#0,200,0.096319914
changing_P_Cd_65536,8,0,200,initial_domain_inclusive:traversal_including_chunk_scratch:mesh/p#0,200,0.541563511
changing_P_Cd_65536,8,0,200,initial_domain_inclusive:uniform_compile:mesh/c#0,200,0.001035452
changing_P_Cd_65536,8,0,200,initial_domain_inclusive:uniform_compile:mesh/p#0,200,0.000563622
changing_P_Cd_65536,8,0,200,initial_domain_inclusive:uniform_execute:mesh/c#0,200,0.605293989
changing_P_Cd_65536,8,0,200,initial_domain_inclusive:uniform_execute:mesh/p#0,200,1.061810970
changing_P_Cd_65536,8,0,200,initial_domain_inclusive:uniform_prepare:mesh/c#0,200,0.000014305
changing_P_Cd_65536,8,0,200,initial_domain_inclusive:uniform_prepare:mesh/geo#2#0,200,0.000329256
changing_P_Cd_65536,8,0,200,initial_domain_inclusive:uniform_prepare:mesh/img,200,1.671072721
changing_P_Cd_65536,8,0,200,initial_domain_inclusive:uniform_prepare:mesh/p#0,200,0.000031948
changing_P_Cd_65536,8,1,200,initial_domain_inclusive:whole_trial,1,1.985643864
changing_P_Cd_65536,8,1,200,initial_domain_inclusive:flatten,400,0.082923174
changing_P_Cd_65536,8,1,200,initial_domain_inclusive:gpu_source_arrays,200,0.000581741
changing_P_Cd_65536,8,1,200,initial_domain_inclusive:materialization,200,0.401993036
changing_P_Cd_65536,8,1,200,initial_domain_inclusive:output_accumulator_setup:mesh/c#0,200,0.000016928
changing_P_Cd_65536,8,1,200,initial_domain_inclusive:output_accumulator_setup:mesh/geo#2#0,200,0.010563850
changing_P_Cd_65536,8,1,200,initial_domain_inclusive:output_accumulator_setup:mesh/p#0,200,0.000027895
changing_P_Cd_65536,8,1,200,initial_domain_inclusive:owner_arguments,400,0.000162601
changing_P_Cd_65536,8,1,200,initial_domain_inclusive:packed_prepare,200,1.590962172
changing_P_Cd_65536,8,1,200,initial_domain_inclusive:run_completed_execution,200,0.226900816
changing_P_Cd_65536,8,1,200,initial_domain_inclusive:run_pack_upload,200,0.001041651
changing_P_Cd_65536,8,1,200,initial_domain_inclusive:runtime_publication,200,0.000484228
changing_P_Cd_65536,8,1,200,initial_domain_inclusive:seed_eval:mesh/c#0,200,0.000153780
changing_P_Cd_65536,8,1,200,initial_domain_inclusive:seed_eval:mesh/geo#2#0,200,0.000008583
changing_P_Cd_65536,8,1,200,initial_domain_inclusive:seed_eval:mesh/p#0,200,0.000108480
changing_P_Cd_65536,8,1,200,initial_domain_inclusive:sink_conversion,200,0.153143644
changing_P_Cd_65536,8,1,200,initial_domain_inclusive:source_arrays:mesh/c#0,200,0.042506933
changing_P_Cd_65536,8,1,200,initial_domain_inclusive:source_arrays:mesh/geo#2#0,200,0.044296741
changing_P_Cd_65536,8,1,200,initial_domain_inclusive:source_arrays:mesh/p#0,200,0.444342613
changing_P_Cd_65536,8,1,200,initial_domain_inclusive:source_preflight,400,0.007521629
changing_P_Cd_65536,8,1,200,initial_domain_inclusive:traversal_including_chunk_scratch:mesh/c#0,200,0.550486326
changing_P_Cd_65536,8,1,200,initial_domain_inclusive:traversal_including_chunk_scratch:mesh/geo#2#0,200,0.112209558
changing_P_Cd_65536,8,1,200,initial_domain_inclusive:traversal_including_chunk_scratch:mesh/p#0,200,0.544956446
changing_P_Cd_65536,8,1,200,initial_domain_inclusive:uniform_compile:mesh/c#0,200,0.000976324
changing_P_Cd_65536,8,1,200,initial_domain_inclusive:uniform_compile:mesh/p#0,200,0.000609875
changing_P_Cd_65536,8,1,200,initial_domain_inclusive:uniform_execute:mesh/c#0,200,0.594710112
changing_P_Cd_65536,8,1,200,initial_domain_inclusive:uniform_execute:mesh/p#0,200,0.991167307
changing_P_Cd_65536,8,1,200,initial_domain_inclusive:uniform_prepare:mesh/c#0,200,0.000009060
changing_P_Cd_65536,8,1,200,initial_domain_inclusive:uniform_prepare:mesh/geo#2#0,200,0.000303030
changing_P_Cd_65536,8,1,200,initial_domain_inclusive:uniform_prepare:mesh/img,200,1.589644432
changing_P_Cd_65536,8,1,200,initial_domain_inclusive:uniform_prepare:mesh/p#0,200,0.000030756
changing_P_Cd_65536,8,2,200,initial_domain_inclusive:whole_trial,1,1.956084967
changing_P_Cd_65536,8,2,200,initial_domain_inclusive:flatten,400,0.073755264
changing_P_Cd_65536,8,2,200,initial_domain_inclusive:gpu_source_arrays,200,0.000678539
changing_P_Cd_65536,8,2,200,initial_domain_inclusive:materialization,200,0.388369322
changing_P_Cd_65536,8,2,200,initial_domain_inclusive:output_accumulator_setup:mesh/c#0,200,0.000009775
changing_P_Cd_65536,8,2,200,initial_domain_inclusive:output_accumulator_setup:mesh/geo#2#0,200,0.006155252
changing_P_Cd_65536,8,2,200,initial_domain_inclusive:output_accumulator_setup:mesh/p#0,200,0.000025272
changing_P_Cd_65536,8,2,200,initial_domain_inclusive:owner_arguments,400,0.000182629
changing_P_Cd_65536,8,2,200,initial_domain_inclusive:packed_prepare,200,1.566379786
changing_P_Cd_65536,8,2,200,initial_domain_inclusive:run_completed_execution,200,0.224133968
changing_P_Cd_65536,8,2,200,initial_domain_inclusive:run_pack_upload,200,0.000944853
changing_P_Cd_65536,8,2,200,initial_domain_inclusive:runtime_publication,200,0.000484228
changing_P_Cd_65536,8,2,200,initial_domain_inclusive:seed_eval:mesh/c#0,200,0.000153303
changing_P_Cd_65536,8,2,200,initial_domain_inclusive:seed_eval:mesh/geo#2#0,200,0.000114918
changing_P_Cd_65536,8,2,200,initial_domain_inclusive:seed_eval:mesh/p#0,200,0.000106573
changing_P_Cd_65536,8,2,200,initial_domain_inclusive:sink_conversion,200,0.151508808
changing_P_Cd_65536,8,2,200,initial_domain_inclusive:source_arrays:mesh/c#0,200,0.037384272
changing_P_Cd_65536,8,2,200,initial_domain_inclusive:source_arrays:mesh/geo#2#0,200,0.039002419
changing_P_Cd_65536,8,2,200,initial_domain_inclusive:source_arrays:mesh/p#0,200,0.426545620
changing_P_Cd_65536,8,2,200,initial_domain_inclusive:source_preflight,400,0.007315636
changing_P_Cd_65536,8,2,200,initial_domain_inclusive:traversal_including_chunk_scratch:mesh/c#0,200,0.549566984
changing_P_Cd_65536,8,2,200,initial_domain_inclusive:traversal_including_chunk_scratch:mesh/geo#2#0,200,0.113603354
changing_P_Cd_65536,8,2,200,initial_domain_inclusive:traversal_including_chunk_scratch:mesh/p#0,200,0.544281483
changing_P_Cd_65536,8,2,200,initial_domain_inclusive:uniform_compile:mesh/c#0,200,0.000936031
changing_P_Cd_65536,8,2,200,initial_domain_inclusive:uniform_compile:mesh/p#0,200,0.000591516
changing_P_Cd_65536,8,2,200,initial_domain_inclusive:uniform_execute:mesh/c#0,200,0.588649273
changing_P_Cd_65536,8,2,200,initial_domain_inclusive:uniform_execute:mesh/p#0,200,0.972728252
changing_P_Cd_65536,8,2,200,initial_domain_inclusive:uniform_prepare:mesh/c#0,200,0.000019789
changing_P_Cd_65536,8,2,200,initial_domain_inclusive:uniform_prepare:mesh/geo#2#0,200,0.000307083
changing_P_Cd_65536,8,2,200,initial_domain_inclusive:uniform_prepare:mesh/img,200,1.565008163
changing_P_Cd_65536,8,2,200,initial_domain_inclusive:uniform_prepare:mesh/p#0,200,0.000036478
changing_P_Cd_65536,8,3,200,initial_domain_inclusive:whole_trial,1,1.997522831
changing_P_Cd_65536,8,3,200,initial_domain_inclusive:flatten,400,0.073685408
changing_P_Cd_65536,8,3,200,initial_domain_inclusive:gpu_source_arrays,200,0.000569105
changing_P_Cd_65536,8,3,200,initial_domain_inclusive:materialization,200,0.389756203
changing_P_Cd_65536,8,3,200,initial_domain_inclusive:output_accumulator_setup:mesh/c#0,200,0.000179052
changing_P_Cd_65536,8,3,200,initial_domain_inclusive:output_accumulator_setup:mesh/geo#2#0,200,0.006410599
changing_P_Cd_65536,8,3,200,initial_domain_inclusive:output_accumulator_setup:mesh/p#0,200,0.000025272
changing_P_Cd_65536,8,3,200,initial_domain_inclusive:owner_arguments,400,0.000173569
changing_P_Cd_65536,8,3,200,initial_domain_inclusive:packed_prepare,200,1.570742846
changing_P_Cd_65536,8,3,200,initial_domain_inclusive:run_completed_execution,200,0.257149696
changing_P_Cd_65536,8,3,200,initial_domain_inclusive:run_pack_upload,200,0.000967979
changing_P_Cd_65536,8,3,200,initial_domain_inclusive:runtime_publication,200,0.000479937
changing_P_Cd_65536,8,3,200,initial_domain_inclusive:seed_eval:mesh/c#0,200,0.000150919
changing_P_Cd_65536,8,3,200,initial_domain_inclusive:seed_eval:mesh/geo#2#0,200,0.000007868
changing_P_Cd_65536,8,3,200,initial_domain_inclusive:seed_eval:mesh/p#0,200,0.000094414
changing_P_Cd_65536,8,3,200,initial_domain_inclusive:sink_conversion,200,0.155000448
changing_P_Cd_65536,8,3,200,initial_domain_inclusive:source_arrays:mesh/c#0,200,0.037452698
changing_P_Cd_65536,8,3,200,initial_domain_inclusive:source_arrays:mesh/geo#2#0,200,0.039771795
changing_P_Cd_65536,8,3,200,initial_domain_inclusive:source_arrays:mesh/p#0,200,0.427934885
changing_P_Cd_65536,8,3,200,initial_domain_inclusive:source_preflight,400,0.007657290
changing_P_Cd_65536,8,3,200,initial_domain_inclusive:traversal_including_chunk_scratch:mesh/c#0,200,0.551320553
changing_P_Cd_65536,8,3,200,initial_domain_inclusive:traversal_including_chunk_scratch:mesh/geo#2#0,200,0.117312431
changing_P_Cd_65536,8,3,200,initial_domain_inclusive:traversal_including_chunk_scratch:mesh/p#0,200,0.545577049
changing_P_Cd_65536,8,3,200,initial_domain_inclusive:uniform_compile:mesh/c#0,200,0.000932455
changing_P_Cd_65536,8,3,200,initial_domain_inclusive:uniform_compile:mesh/p#0,200,0.000598907
changing_P_Cd_65536,8,3,200,initial_domain_inclusive:uniform_execute:mesh/c#0,200,0.590558767
changing_P_Cd_65536,8,3,200,initial_domain_inclusive:uniform_execute:mesh/p#0,200,0.975256920
changing_P_Cd_65536,8,3,200,initial_domain_inclusive:uniform_prepare:mesh/c#0,200,0.000013828
changing_P_Cd_65536,8,3,200,initial_domain_inclusive:uniform_prepare:mesh/geo#2#0,200,0.000287533
changing_P_Cd_65536,8,3,200,initial_domain_inclusive:uniform_prepare:mesh/img,200,1.569534779
changing_P_Cd_65536,8,3,200,initial_domain_inclusive:uniform_prepare:mesh/p#0,200,0.000019550
changing_P_Cd_65536,8,4,200,initial_domain_inclusive:whole_trial,1,1.994999886
changing_P_Cd_65536,8,4,200,initial_domain_inclusive:flatten,400,0.073583841
changing_P_Cd_65536,8,4,200,initial_domain_inclusive:gpu_source_arrays,200,0.000508785
changing_P_Cd_65536,8,4,200,initial_domain_inclusive:materialization,200,0.386396170
changing_P_Cd_65536,8,4,200,initial_domain_inclusive:output_accumulator_setup:mesh/c#0,200,0.000011921
changing_P_Cd_65536,8,4,200,initial_domain_inclusive:output_accumulator_setup:mesh/geo#2#0,200,0.006385088
changing_P_Cd_65536,8,4,200,initial_domain_inclusive:output_accumulator_setup:mesh/p#0,200,0.000096321
changing_P_Cd_65536,8,4,200,initial_domain_inclusive:owner_arguments,400,0.000248671
changing_P_Cd_65536,8,4,200,initial_domain_inclusive:packed_prepare,200,1.565661430
changing_P_Cd_65536,8,4,200,initial_domain_inclusive:run_completed_execution,200,0.259241819
changing_P_Cd_65536,8,4,200,initial_domain_inclusive:run_pack_upload,200,0.000939369
changing_P_Cd_65536,8,4,200,initial_domain_inclusive:runtime_publication,200,0.000476122
changing_P_Cd_65536,8,4,200,initial_domain_inclusive:seed_eval:mesh/c#0,200,0.000153780
changing_P_Cd_65536,8,4,200,initial_domain_inclusive:seed_eval:mesh/geo#2#0,200,0.000008821
changing_P_Cd_65536,8,4,200,initial_domain_inclusive:seed_eval:mesh/p#0,200,0.000089645
changing_P_Cd_65536,8,4,200,initial_domain_inclusive:sink_conversion,200,0.155254841
changing_P_Cd_65536,8,4,200,initial_domain_inclusive:source_arrays:mesh/c#0,200,0.037314415
changing_P_Cd_65536,8,4,200,initial_domain_inclusive:source_arrays:mesh/geo#2#0,200,0.038787842
changing_P_Cd_65536,8,4,200,initial_domain_inclusive:source_arrays:mesh/p#0,200,0.424647331
changing_P_Cd_65536,8,4,200,initial_domain_inclusive:source_preflight,400,0.007749557
changing_P_Cd_65536,8,4,200,initial_domain_inclusive:traversal_including_chunk_scratch:mesh/c#0,200,0.550670147
changing_P_Cd_65536,8,4,200,initial_domain_inclusive:traversal_including_chunk_scratch:mesh/geo#2#0,200,0.115262270
changing_P_Cd_65536,8,4,200,initial_domain_inclusive:traversal_including_chunk_scratch:mesh/p#0,200,0.544622660
changing_P_Cd_65536,8,4,200,initial_domain_inclusive:uniform_compile:mesh/c#0,200,0.000933170
changing_P_Cd_65536,8,4,200,initial_domain_inclusive:uniform_compile:mesh/p#0,200,0.000619411
changing_P_Cd_65536,8,4,200,initial_domain_inclusive:uniform_execute:mesh/c#0,200,0.589756012
changing_P_Cd_65536,8,4,200,initial_domain_inclusive:uniform_execute:mesh/p#0,200,0.970962048
changing_P_Cd_65536,8,4,200,initial_domain_inclusive:uniform_prepare:mesh/c#0,200,0.000015736
changing_P_Cd_65536,8,4,200,initial_domain_inclusive:uniform_prepare:mesh/geo#2#0,200,0.000294447
changing_P_Cd_65536,8,4,200,initial_domain_inclusive:uniform_prepare:mesh/img,200,1.564427376
changing_P_Cd_65536,8,4,200,initial_domain_inclusive:uniform_prepare:mesh/p#0,200,0.000034332
changing_P_Cd_65536,8,5,200,initial_domain_inclusive:whole_trial,1,1.996130943
changing_P_Cd_65536,8,5,200,initial_domain_inclusive:flatten,400,0.073482990
changing_P_Cd_65536,8,5,200,initial_domain_inclusive:gpu_source_arrays,200,0.000504255
changing_P_Cd_65536,8,5,200,initial_domain_inclusive:materialization,200,0.384067774
changing_P_Cd_65536,8,5,200,initial_domain_inclusive:output_accumulator_setup:mesh/c#0,200,0.000009537
changing_P_Cd_65536,8,5,200,initial_domain_inclusive:output_accumulator_setup:mesh/geo#2#0,200,0.006449223
changing_P_Cd_65536,8,5,200,initial_domain_inclusive:output_accumulator_setup:mesh/p#0,200,0.000023842
changing_P_Cd_65536,8,5,200,initial_domain_inclusive:owner_arguments,400,0.000144958
changing_P_Cd_65536,8,5,200,initial_domain_inclusive:packed_prepare,200,1.565550804
changing_P_Cd_65536,8,5,200,initial_domain_inclusive:run_completed_execution,200,0.259941101
changing_P_Cd_65536,8,5,200,initial_domain_inclusive:run_pack_upload,200,0.000911474
changing_P_Cd_65536,8,5,200,initial_domain_inclusive:runtime_publication,200,0.000451803
changing_P_Cd_65536,8,5,200,initial_domain_inclusive:seed_eval:mesh/c#0,200,0.000154495
changing_P_Cd_65536,8,5,200,initial_domain_inclusive:seed_eval:mesh/geo#2#0,200,0.000005960
changing_P_Cd_65536,8,5,200,initial_domain_inclusive:seed_eval:mesh/p#0,200,0.000098944
changing_P_Cd_65536,8,5,200,initial_domain_inclusive:sink_conversion,200,0.156398058
changing_P_Cd_65536,8,5,200,initial_domain_inclusive:source_arrays:mesh/c#0,200,0.037433147
changing_P_Cd_65536,8,5,200,initial_domain_inclusive:source_arrays:mesh/geo#2#0,200,0.038859606
changing_P_Cd_65536,8,5,200,initial_domain_inclusive:source_arrays:mesh/p#0,200,0.422113657
changing_P_Cd_65536,8,5,200,initial_domain_inclusive:source_preflight,400,0.007498741
changing_P_Cd_65536,8,5,200,initial_domain_inclusive:traversal_including_chunk_scratch:mesh/c#0,200,0.551905155
changing_P_Cd_65536,8,5,200,initial_domain_inclusive:traversal_including_chunk_scratch:mesh/geo#2#0,200,0.115947008
changing_P_Cd_65536,8,5,200,initial_domain_inclusive:traversal_including_chunk_scratch:mesh/p#0,200,0.545580387
changing_P_Cd_65536,8,5,200,initial_domain_inclusive:uniform_compile:mesh/c#0,200,0.000895977
changing_P_Cd_65536,8,5,200,initial_domain_inclusive:uniform_compile:mesh/p#0,200,0.000579834
changing_P_Cd_65536,8,5,200,initial_domain_inclusive:uniform_execute:mesh/c#0,200,0.591097116
changing_P_Cd_65536,8,5,200,initial_domain_inclusive:uniform_execute:mesh/p#0,200,0.969497681
changing_P_Cd_65536,8,5,200,initial_domain_inclusive:uniform_prepare:mesh/c#0,200,0.000011206
changing_P_Cd_65536,8,5,200,initial_domain_inclusive:uniform_prepare:mesh/geo#2#0,200,0.000288010
changing_P_Cd_65536,8,5,200,initial_domain_inclusive:uniform_prepare:mesh/img,200,1.564180851
changing_P_Cd_65536,8,5,200,initial_domain_inclusive:uniform_prepare:mesh/p#0,200,0.000034571
changing_P_Cd_65536,8,6,200,initial_domain_inclusive:whole_trial,1,2.004703045
changing_P_Cd_65536,8,6,200,initial_domain_inclusive:flatten,400,0.073584557
changing_P_Cd_65536,8,6,200,initial_domain_inclusive:gpu_source_arrays,200,0.000524998
changing_P_Cd_65536,8,6,200,initial_domain_inclusive:materialization,200,0.392247200
changing_P_Cd_65536,8,6,200,initial_domain_inclusive:output_accumulator_setup:mesh/c#0,200,0.000104427
changing_P_Cd_65536,8,6,200,initial_domain_inclusive:output_accumulator_setup:mesh/geo#2#0,200,0.006422997
changing_P_Cd_65536,8,6,200,initial_domain_inclusive:output_accumulator_setup:mesh/p#0,200,0.000025034
changing_P_Cd_65536,8,6,200,initial_domain_inclusive:owner_arguments,400,0.000177860
changing_P_Cd_65536,8,6,200,initial_domain_inclusive:packed_prepare,200,1.576704264
changing_P_Cd_65536,8,6,200,initial_domain_inclusive:run_completed_execution,200,0.256933928
changing_P_Cd_65536,8,6,200,initial_domain_inclusive:run_pack_upload,200,0.001006603
changing_P_Cd_65536,8,6,200,initial_domain_inclusive:runtime_publication,200,0.000500202
changing_P_Cd_65536,8,6,200,initial_domain_inclusive:seed_eval:mesh/c#0,200,0.000148773
changing_P_Cd_65536,8,6,200,initial_domain_inclusive:seed_eval:mesh/geo#2#0,200,0.000009775
changing_P_Cd_65536,8,6,200,initial_domain_inclusive:seed_eval:mesh/p#0,200,0.000094891
changing_P_Cd_65536,8,6,200,initial_domain_inclusive:sink_conversion,200,0.156258583
changing_P_Cd_65536,8,6,200,initial_domain_inclusive:source_arrays:mesh/c#0,200,0.037377596
changing_P_Cd_65536,8,6,200,initial_domain_inclusive:source_arrays:mesh/geo#2#0,200,0.039221525
changing_P_Cd_65536,8,6,200,initial_domain_inclusive:source_arrays:mesh/p#0,200,0.430405378
changing_P_Cd_65536,8,6,200,initial_domain_inclusive:source_preflight,400,0.007801771
changing_P_Cd_65536,8,6,200,initial_domain_inclusive:traversal_including_chunk_scratch:mesh/c#0,200,0.552486897
changing_P_Cd_65536,8,6,200,initial_domain_inclusive:traversal_including_chunk_scratch:mesh/geo#2#0,200,0.119447470
changing_P_Cd_65536,8,6,200,initial_domain_inclusive:traversal_including_chunk_scratch:mesh/p#0,200,0.547465563
changing_P_Cd_65536,8,6,200,initial_domain_inclusive:uniform_compile:mesh/c#0,200,0.000975847
changing_P_Cd_65536,8,6,200,initial_domain_inclusive:uniform_compile:mesh/p#0,200,0.000623465
changing_P_Cd_65536,8,6,200,initial_domain_inclusive:uniform_execute:mesh/c#0,200,0.591717005
changing_P_Cd_65536,8,6,200,initial_domain_inclusive:uniform_execute:mesh/p#0,200,0.979628563
changing_P_Cd_65536,8,6,200,initial_domain_inclusive:uniform_prepare:mesh/c#0,200,0.000007153
changing_P_Cd_65536,8,6,200,initial_domain_inclusive:uniform_prepare:mesh/geo#2#0,200,0.000312805
changing_P_Cd_65536,8,6,200,initial_domain_inclusive:uniform_prepare:mesh/img,200,1.575200558
changing_P_Cd_65536,8,6,200,initial_domain_inclusive:uniform_prepare:mesh/p#0,200,0.000025034
gradient_live_dependency,8,1,1,initial_domain_inclusive:whole_trial,1,0.012356997
gradient_live_dependency,8,1,1,initial_domain_inclusive:output_accumulator_setup:img/@result,1,0.000795841
gradient_live_dependency,8,1,1,initial_domain_inclusive:owner_arguments,1,0.000001907
gradient_live_dependency,8,1,1,initial_domain_inclusive:seed_eval:img/@result,1,0.000000000
gradient_live_dependency,8,1,1,initial_domain_inclusive:source_arrays:img/@result,1,0.000007153
gradient_live_dependency,8,1,1,initial_domain_inclusive:traversal_including_chunk_scratch:img/@result,1,0.004559994
gradient_live_dependency,8,1,1,initial_domain_inclusive:uniform_prepare:img/@result,1,0.000005960
gradient_live_dependency,8,1,1,worker_internal_unobserved,0,
gradient_live_dependency,8,2,1,initial_domain_inclusive:whole_trial,1,0.012155056
gradient_live_dependency,8,2,1,initial_domain_inclusive:output_accumulator_setup:img/@result,1,0.000641823
gradient_live_dependency,8,2,1,initial_domain_inclusive:owner_arguments,1,0.000001907
gradient_live_dependency,8,2,1,initial_domain_inclusive:seed_eval:img/@result,1,0.000000000
gradient_live_dependency,8,2,1,initial_domain_inclusive:source_arrays:img/@result,1,0.000003099
gradient_live_dependency,8,2,1,initial_domain_inclusive:traversal_including_chunk_scratch:img/@result,1,0.004554987
gradient_live_dependency,8,2,1,initial_domain_inclusive:uniform_prepare:img/@result,1,0.000002861
gradient_live_dependency,8,2,1,worker_internal_unobserved,0,
gradient_live_dependency,8,3,1,initial_domain_inclusive:whole_trial,1,0.011982918
gradient_live_dependency,8,3,1,initial_domain_inclusive:output_accumulator_setup:img/@result,1,0.000552893
gradient_live_dependency,8,3,1,initial_domain_inclusive:owner_arguments,1,0.000001192
gradient_live_dependency,8,3,1,initial_domain_inclusive:seed_eval:img/@result,1,0.000000000
gradient_live_dependency,8,3,1,initial_domain_inclusive:source_arrays:img/@result,1,0.000003099
gradient_live_dependency,8,3,1,initial_domain_inclusive:traversal_including_chunk_scratch:img/@result,1,0.004259109
gradient_live_dependency,8,3,1,initial_domain_inclusive:uniform_prepare:img/@result,1,0.000002861
gradient_live_dependency,8,3,1,worker_internal_unobserved,0,
gradient_live_dependency,8,4,1,initial_domain_inclusive:whole_trial,1,0.011946917
gradient_live_dependency,8,4,1,initial_domain_inclusive:output_accumulator_setup:img/@result,1,0.000555992
gradient_live_dependency,8,4,1,initial_domain_inclusive:owner_arguments,1,0.000001192
gradient_live_dependency,8,4,1,initial_domain_inclusive:seed_eval:img/@result,1,0.000000000
gradient_live_dependency,8,4,1,initial_domain_inclusive:source_arrays:img/@result,1,0.000001907
gradient_live_dependency,8,4,1,initial_domain_inclusive:traversal_including_chunk_scratch:img/@result,1,0.004333019
gradient_live_dependency,8,4,1,initial_domain_inclusive:uniform_prepare:img/@result,1,0.000002861
gradient_live_dependency,8,4,1,worker_internal_unobserved,0,
gradient_live_dependency,8,5,1,initial_domain_inclusive:whole_trial,1,0.011763096
gradient_live_dependency,8,5,1,initial_domain_inclusive:output_accumulator_setup:img/@result,1,0.000560045
gradient_live_dependency,8,5,1,initial_domain_inclusive:owner_arguments,1,0.000000954
gradient_live_dependency,8,5,1,initial_domain_inclusive:seed_eval:img/@result,1,0.000000000
gradient_live_dependency,8,5,1,initial_domain_inclusive:source_arrays:img/@result,1,0.000003099
gradient_live_dependency,8,5,1,initial_domain_inclusive:traversal_including_chunk_scratch:img/@result,1,0.004194021
gradient_live_dependency,8,5,1,initial_domain_inclusive:uniform_prepare:img/@result,1,0.000001907
gradient_live_dependency,8,5,1,worker_internal_unobserved,0,
gradient_live_dependency,8,6,1,initial_domain_inclusive:whole_trial,1,0.011982918
gradient_live_dependency,8,6,1,initial_domain_inclusive:output_accumulator_setup:img/@result,1,0.000593185
gradient_live_dependency,8,6,1,initial_domain_inclusive:owner_arguments,1,0.000002146
gradient_live_dependency,8,6,1,initial_domain_inclusive:seed_eval:img/@result,1,0.000000000
gradient_live_dependency,8,6,1,initial_domain_inclusive:source_arrays:img/@result,1,0.000003099
gradient_live_dependency,8,6,1,initial_domain_inclusive:traversal_including_chunk_scratch:img/@result,1,0.004339933
gradient_live_dependency,8,6,1,initial_domain_inclusive:uniform_prepare:img/@result,1,0.000002861
gradient_live_dependency,8,6,1,worker_internal_unobserved,0,
gradient_live_dependency,8,7,1,initial_domain_inclusive:whole_trial,1,0.012409925
gradient_live_dependency,8,7,1,initial_domain_inclusive:output_accumulator_setup:img/@result,1,0.000561953
gradient_live_dependency,8,7,1,initial_domain_inclusive:owner_arguments,1,0.000001192
gradient_live_dependency,8,7,1,initial_domain_inclusive:seed_eval:img/@result,1,0.000000000
gradient_live_dependency,8,7,1,initial_domain_inclusive:source_arrays:img/@result,1,0.000001907
gradient_live_dependency,8,7,1,initial_domain_inclusive:traversal_including_chunk_scratch:img/@result,1,0.004418135
gradient_live_dependency,8,7,1,initial_domain_inclusive:uniform_prepare:img/@result,1,0.000003099
gradient_live_dependency,8,7,1,worker_internal_unobserved,0,
gradient_live_dependency,8,0,200,initial_domain_inclusive:whole_trial,1,0.307585955
gradient_live_dependency,8,0,200,initial_domain_inclusive:gpu_source_arrays,200,0.000572681
gradient_live_dependency,8,0,200,initial_domain_inclusive:owner_arguments,400,0.000136375
gradient_live_dependency,8,0,200,initial_domain_inclusive:packed_prepare,200,0.001376629
gradient_live_dependency,8,0,200,initial_domain_inclusive:run_completed_execution,200,0.142585754
gradient_live_dependency,8,0,200,initial_domain_inclusive:run_pack_upload,200,0.000344992
gradient_live_dependency,8,0,200,initial_domain_inclusive:runtime_publication,200,0.000190496
gradient_live_dependency,8,0,200,initial_domain_inclusive:sink_conversion,200,0.160178661
gradient_live_dependency,8,0,200,initial_domain_inclusive:uniform_prepare:img/@result,200,0.000348568
gradient_live_dependency,8,1,200,initial_domain_inclusive:whole_trial,1,0.308182001
gradient_live_dependency,8,1,200,initial_domain_inclusive:gpu_source_arrays,200,0.000593185
gradient_live_dependency,8,1,200,initial_domain_inclusive:owner_arguments,400,0.000136614
gradient_live_dependency,8,1,200,initial_domain_inclusive:packed_prepare,200,0.001429796
gradient_live_dependency,8,1,200,initial_domain_inclusive:run_completed_execution,200,0.143058777
gradient_live_dependency,8,1,200,initial_domain_inclusive:run_pack_upload,200,0.000388145
gradient_live_dependency,8,1,200,initial_domain_inclusive:runtime_publication,200,0.000219584
gradient_live_dependency,8,1,200,initial_domain_inclusive:sink_conversion,200,0.159923315
gradient_live_dependency,8,1,200,initial_domain_inclusive:uniform_prepare:img/@result,200,0.000389814
gradient_live_dependency,8,2,200,initial_domain_inclusive:whole_trial,1,0.308036089
gradient_live_dependency,8,2,200,initial_domain_inclusive:gpu_source_arrays,200,0.000556946
gradient_live_dependency,8,2,200,initial_domain_inclusive:owner_arguments,400,0.000126123
gradient_live_dependency,8,2,200,initial_domain_inclusive:packed_prepare,200,0.001343727
gradient_live_dependency,8,2,200,initial_domain_inclusive:run_completed_execution,200,0.143163443
gradient_live_dependency,8,2,200,initial_domain_inclusive:run_pack_upload,200,0.000334263
gradient_live_dependency,8,2,200,initial_domain_inclusive:runtime_publication,200,0.000182152
gradient_live_dependency,8,2,200,initial_domain_inclusive:sink_conversion,200,0.160186768
gradient_live_dependency,8,2,200,initial_domain_inclusive:uniform_prepare:img/@result,200,0.000330925
gradient_live_dependency,8,3,200,initial_domain_inclusive:whole_trial,1,0.307411909
gradient_live_dependency,8,3,200,initial_domain_inclusive:gpu_source_arrays,200,0.000517368
gradient_live_dependency,8,3,200,initial_domain_inclusive:owner_arguments,400,0.000134230
gradient_live_dependency,8,3,200,initial_domain_inclusive:packed_prepare,200,0.001301050
gradient_live_dependency,8,3,200,initial_domain_inclusive:run_completed_execution,200,0.142841339
gradient_live_dependency,8,3,200,initial_domain_inclusive:run_pack_upload,200,0.000325441
gradient_live_dependency,8,3,200,initial_domain_inclusive:runtime_publication,200,0.000171423
gradient_live_dependency,8,3,200,initial_domain_inclusive:sink_conversion,200,0.159953356
gradient_live_dependency,8,3,200,initial_domain_inclusive:uniform_prepare:img/@result,200,0.000329733
gradient_live_dependency,8,4,200,initial_domain_inclusive:whole_trial,1,0.306113958
gradient_live_dependency,8,4,200,initial_domain_inclusive:gpu_source_arrays,200,0.000560045
gradient_live_dependency,8,4,200,initial_domain_inclusive:owner_arguments,400,0.000117064
gradient_live_dependency,8,4,200,initial_domain_inclusive:packed_prepare,200,0.001318932
gradient_live_dependency,8,4,200,initial_domain_inclusive:run_completed_execution,200,0.142076254
gradient_live_dependency,8,4,200,initial_domain_inclusive:run_pack_upload,200,0.000324488
gradient_live_dependency,8,4,200,initial_domain_inclusive:runtime_publication,200,0.000183582
gradient_live_dependency,8,4,200,initial_domain_inclusive:sink_conversion,200,0.159386873
gradient_live_dependency,8,4,200,initial_domain_inclusive:uniform_prepare:img/@result,200,0.000343800
gradient_live_dependency,8,5,200,initial_domain_inclusive:whole_trial,1,0.309008837
gradient_live_dependency,8,5,200,initial_domain_inclusive:gpu_source_arrays,200,0.000530720
gradient_live_dependency,8,5,200,initial_domain_inclusive:owner_arguments,400,0.000118971
gradient_live_dependency,8,5,200,initial_domain_inclusive:packed_prepare,200,0.001338005
gradient_live_dependency,8,5,200,initial_domain_inclusive:run_completed_execution,200,0.143373966
gradient_live_dependency,8,5,200,initial_domain_inclusive:run_pack_upload,200,0.000349283
gradient_live_dependency,8,5,200,initial_domain_inclusive:runtime_publication,200,0.000212193
gradient_live_dependency,8,5,200,initial_domain_inclusive:sink_conversion,200,0.160883188
gradient_live_dependency,8,5,200,initial_domain_inclusive:uniform_prepare:img/@result,200,0.000360250
gradient_live_dependency,8,6,200,initial_domain_inclusive:whole_trial,1,0.306195021
gradient_live_dependency,8,6,200,initial_domain_inclusive:gpu_source_arrays,200,0.000550508
gradient_live_dependency,8,6,200,initial_domain_inclusive:owner_arguments,400,0.000105619
gradient_live_dependency,8,6,200,initial_domain_inclusive:packed_prepare,200,0.001299381
gradient_live_dependency,8,6,200,initial_domain_inclusive:run_completed_execution,200,0.142305136
gradient_live_dependency,8,6,200,initial_domain_inclusive:run_pack_upload,200,0.000315428
gradient_live_dependency,8,6,200,initial_domain_inclusive:runtime_publication,200,0.000176668
gradient_live_dependency,8,6,200,initial_domain_inclusive:sink_conversion,200,0.159374952
gradient_live_dependency,8,6,200,initial_domain_inclusive:uniform_prepare:img/@result,200,0.000328779
