fixture,width,height,domains,policy,phase,trial,frames,seconds_per_frame,bytes_per_frame,hash,max_channel_difference,differing_channels,differing_pixels,destination_uploaded_bytes_per_frame,source_image_readbacks
gradient_live_dependency,1024,1024,1,measured,route_probe_gpu,0,1,0.085439920,42098104,,0,0,0,0,0
gradient_live_dependency,1024,1024,1,exact_cpu,cold_cpu_cook,0,1,0.061627150,58945888,dc488acda2f84238b4974c9b45328e91,0,0,0,0,0
gradient_live_dependency,1024,1024,1,exact_cpu,warm_cpu_cook,1,1,0.053273916,42122448,dc488acda2f84238b4974c9b45328e91,0,0,0,0,0
gradient_live_dependency,1024,1024,1,exact_cpu,warm_cpu_cook,2,1,0.054054976,42122448,dc488acda2f84238b4974c9b45328e91,0,0,0,0,0
gradient_live_dependency,1024,1024,1,exact_cpu,warm_cpu_cook,3,1,0.053220987,42122448,dc488acda2f84238b4974c9b45328e91,0,0,0,0,0
gradient_live_dependency,1024,1024,1,exact_cpu,warm_cpu_cook,4,1,0.053998947,42122448,dc488acda2f84238b4974c9b45328e91,0,0,0,0,0
gradient_live_dependency,1024,1024,1,exact_cpu,warm_cpu_cook,5,1,0.053408146,42122448,dc488acda2f84238b4974c9b45328e91,0,0,0,0,0
gradient_live_dependency,1024,1024,1,exact_cpu,warm_cpu_cook,6,1,0.054215193,42122448,dc488acda2f84238b4974c9b45328e91,0,0,0,0,0
gradient_live_dependency,1024,1024,1,exact_cpu,warm_cpu_cook,7,1,0.053281069,42122448,dc488acda2f84238b4974c9b45328e91,0,0,0,0,0
gradient_live_dependency,1024,1024,8,exact_cpu,cold_cpu_cook,0,1,0.015769005,59060256,dc488acda2f84238b4974c9b45328e91,0,0,0,0,0
gradient_live_dependency,1024,1024,8,exact_cpu,warm_cpu_cook,1,1,0.011744022,42215088,dc488acda2f84238b4974c9b45328e91,0,0,0,0,0
gradient_live_dependency,1024,1024,8,exact_cpu,warm_cpu_cook,2,1,0.012053013,42212992,dc488acda2f84238b4974c9b45328e91,0,0,0,0,0
gradient_live_dependency,1024,1024,8,exact_cpu,warm_cpu_cook,3,1,0.012115002,42216472,dc488acda2f84238b4974c9b45328e91,0,0,0,0,0
gradient_live_dependency,1024,1024,8,exact_cpu,warm_cpu_cook,4,1,0.011831999,42215664,dc488acda2f84238b4974c9b45328e91,0,0,0,0,0
gradient_live_dependency,1024,1024,8,exact_cpu,warm_cpu_cook,5,1,0.012762070,42215264,dc488acda2f84238b4974c9b45328e91,0,0,0,0,0
gradient_live_dependency,1024,1024,8,exact_cpu,warm_cpu_cook,6,1,0.014261007,42216544,dc488acda2f84238b4974c9b45328e91,0,0,0,0,0
gradient_live_dependency,1024,1024,8,exact_cpu,warm_cpu_cook,7,1,0.012493849,42216512,dc488acda2f84238b4974c9b45328e91,0,0,0,0,0
gradient_live_dependency,1024,1024,1,qualification,cold_owner_publish,0,1,0.014435053,43469512,,0,0,0,0,0
gradient_live_dependency,1024,1024,1,qualification,warm_producer,0,200,0.001505930,33721,,0,0,0,0,0
gradient_live_dependency,1024,1024,1,qualification,warm_producer,1,200,0.001514195,33721,,0,0,0,0,0
gradient_live_dependency,1024,1024,1,qualification,warm_producer,2,200,0.001536260,33721,,0,0,0,0,0
gradient_live_dependency,1024,1024,1,qualification,warm_producer,3,200,0.001535715,33721,,0,0,0,0,0
gradient_live_dependency,1024,1024,1,qualification,warm_producer,4,200,0.001533220,33721,,0,0,0,0,0
gradient_live_dependency,1024,1024,1,qualification,warm_producer,5,200,0.001529535,33721,,0,0,0,0,0
gradient_live_dependency,1024,1024,1,qualification,warm_producer,6,200,0.001526270,33721,,0,0,0,0,0
gradient_live_dependency,1024,1024,1,qualification,consumer_only,0,200,0.000683835,33071,,0,0,0,0,0
gradient_live_dependency,1024,1024,1,qualification,consumer_only,1,200,0.000663220,33073,,0,0,0,0,0
gradient_live_dependency,1024,1024,1,qualification,consumer_only,2,200,0.000694915,33073,,0,0,0,0,0
gradient_live_dependency,1024,1024,1,qualification,consumer_only,3,200,0.000700976,33073,,0,0,0,0,0
gradient_live_dependency,1024,1024,1,qualification,consumer_only,4,200,0.000656049,33073,,0,0,0,0,0
gradient_live_dependency,1024,1024,1,qualification,consumer_only,5,200,0.000655315,33073,,0,0,0,0,0
gradient_live_dependency,1024,1024,1,qualification,consumer_only,6,200,0.000605129,33073,,0,0,0,0,0
gradient_live_dependency,1024,1024,1,qualification,end_to_end,0,200,0.002468830,66777,,0,0,0,0,0
gradient_live_dependency,1024,1024,1,qualification,end_to_end,1,200,0.002342191,66777,,0,0,0,0,0
gradient_live_dependency,1024,1024,1,qualification,end_to_end,2,200,0.002447195,66777,,0,0,0,0,0
gradient_live_dependency,1024,1024,1,qualification,end_to_end,3,200,0.002355319,66777,,0,0,0,0,0
gradient_live_dependency,1024,1024,1,qualification,end_to_end,4,200,0.002390420,66777,,0,0,0,0,0
gradient_live_dependency,1024,1024,1,qualification,end_to_end,5,200,0.002452135,66777,,0,0,0,0,0
gradient_live_dependency,1024,1024,1,qualification,end_to_end,6,200,0.002464111,66777,,0,0,0,0,0
gradient_live_dependency,1024,1024,1,qualification,verify_snapshot,0,1,0.002254963,4195048,dc488acda2f84238b4974c9b45328e91,0,0,0,0,1
gradient_live_dependency,1024,1024,1,qualification,verify_snapshot,50,1,0.002107859,4195048,dc488acda2f84238b4974c9b45328e91,0,0,0,0,1
gradient_live_dependency,1025,1024,1,qualification,resize_replan,0,1,0.072931051,111825464,,0,0,0,0,0
gradient_live_dependency,1025,1024,1,qualification,verify_snapshot,25,1,0.002269030,4199144,ebcb8924547723ade4db8702304956b5,0,0,0,0,1
gradient_live_dependency,1025,1024,1,qualification,teardown,0,1,0.000779152,35968,,0,0,0,0,0
live_capture,1024,1024,1,measured,route_probe_gpu,0,1,0.028280973,42089160,,0,0,0,0,0
live_capture,1024,1024,1,exact_cpu,cold_cpu_cook,0,1,0.056210995,58413880,dc488acda2f84238b4974c9b45328e91,0,0,0,0,0
live_capture,1024,1024,1,exact_cpu,warm_cpu_cook,1,1,0.052475214,41595800,0dd597a13d9e00f3843c02be6dad39f5,0,0,0,0,0
live_capture,1024,1024,1,exact_cpu,warm_cpu_cook,2,1,0.052163839,41595800,3cb4b681cff712971786a7dfb01254de,0,0,0,0,0
live_capture,1024,1024,1,exact_cpu,warm_cpu_cook,3,1,0.051772118,41595800,a6717dacf45281726bb201bbfb8618e8,0,0,0,0,0
live_capture,1024,1024,1,exact_cpu,warm_cpu_cook,4,1,0.051578999,41595800,d35ad04b23b4a6ce86b6abaa59f0057c,0,0,0,0,0
live_capture,1024,1024,1,exact_cpu,warm_cpu_cook,5,1,0.051815987,41595800,d31b4872d834bc0d1b440754c8082771,0,0,0,0,0
live_capture,1024,1024,1,exact_cpu,warm_cpu_cook,6,1,0.050116777,41595800,5af63cfdc590d813e17c761d5bd1846f,0,0,0,0,0
live_capture,1024,1024,1,exact_cpu,warm_cpu_cook,7,1,0.049949884,41595800,e8c21129cc9de9a9bf6a3c78c5e6ddf4,0,0,0,0,0
live_capture,1024,1024,8,exact_cpu,cold_cpu_cook,0,1,0.014760017,58502920,dc488acda2f84238b4974c9b45328e91,0,0,0,0,0
live_capture,1024,1024,8,exact_cpu,warm_cpu_cook,1,1,0.011613846,41687808,0dd597a13d9e00f3843c02be6dad39f5,0,0,0,0,0
live_capture,1024,1024,8,exact_cpu,warm_cpu_cook,2,1,0.011449099,41683864,3cb4b681cff712971786a7dfb01254de,0,0,0,0,0
live_capture,1024,1024,8,exact_cpu,warm_cpu_cook,3,1,0.012180090,41688624,a6717dacf45281726bb201bbfb8618e8,0,0,0,0,0
live_capture,1024,1024,8,exact_cpu,warm_cpu_cook,4,1,0.011474133,41686120,d35ad04b23b4a6ce86b6abaa59f0057c,0,0,0,0,0
live_capture,1024,1024,8,exact_cpu,warm_cpu_cook,5,1,0.011039019,41684736,d31b4872d834bc0d1b440754c8082771,0,0,0,0,0
live_capture,1024,1024,8,exact_cpu,warm_cpu_cook,6,1,0.011029005,41687080,5af63cfdc590d813e17c761d5bd1846f,0,0,0,0,0
live_capture,1024,1024,8,exact_cpu,warm_cpu_cook,7,1,0.011418104,41688360,e8c21129cc9de9a9bf6a3c78c5e6ddf4,0,0,0,0,0
live_capture,1024,1024,1,qualification,cold_owner_publish,0,1,0.014456034,43456912,,0,0,0,0,0
live_capture,1024,1024,1,qualification,warm_producer,0,200,0.001543070,32593,,0,0,0,0,0
live_capture,1024,1024,1,qualification,warm_producer,1,200,0.001534040,32593,,0,0,0,0,0
live_capture,1024,1024,1,qualification,warm_producer,2,200,0.001529580,32593,,0,0,0,0,0
live_capture,1024,1024,1,qualification,warm_producer,3,200,0.001525800,32593,,0,0,0,0,0
live_capture,1024,1024,1,qualification,warm_producer,4,200,0.001534336,32593,,0,0,0,0,0
live_capture,1024,1024,1,qualification,warm_producer,5,200,0.001538200,32593,,0,0,0,0,0
live_capture,1024,1024,1,qualification,warm_producer,6,200,0.001502570,32593,,0,0,0,0,0
live_capture,1024,1024,1,qualification,consumer_only,0,200,0.000627155,33071,,0,0,0,0,0
live_capture,1024,1024,1,qualification,consumer_only,1,200,0.000663830,33073,,0,0,0,0,0
live_capture,1024,1024,1,qualification,consumer_only,2,200,0.000662470,33073,,0,0,0,0,0
live_capture,1024,1024,1,qualification,consumer_only,3,200,0.000688421,33073,,0,0,0,0,0
live_capture,1024,1024,1,qualification,consumer_only,4,200,0.000694000,33073,,0,0,0,0,0
live_capture,1024,1024,1,qualification,consumer_only,5,200,0.000659705,33073,,0,0,0,0,0
live_capture,1024,1024,1,qualification,consumer_only,6,200,0.000645319,33073,,0,0,0,0,0
live_capture,1024,1024,1,qualification,end_to_end,0,200,0.002422155,65649,,0,0,0,0,0
live_capture,1024,1024,1,qualification,end_to_end,1,200,0.002380176,65649,,0,0,0,0,0
live_capture,1024,1024,1,qualification,end_to_end,2,200,0.002463216,65649,,0,0,0,0,0
live_capture,1024,1024,1,qualification,end_to_end,3,200,0.002468059,65649,,0,0,0,0,0
live_capture,1024,1024,1,qualification,end_to_end,4,200,0.002484285,65649,,0,0,0,0,0
live_capture,1024,1024,1,qualification,end_to_end,5,200,0.002474865,65649,,0,0,0,0,0
live_capture,1024,1024,1,qualification,end_to_end,6,200,0.002445430,65649,,0,0,0,0,0
live_capture,1024,1024,1,qualification,verify_snapshot,0,1,0.002238035,4195048,dc488acda2f84238b4974c9b45328e91,0,0,0,0,1
live_capture,1024,1024,1,qualification,verify_snapshot,50,1,0.002187967,4195048,d35ad04b23b4a6ce86b6abaa59f0057c,0,0,0,0,1
live_capture,1025,1024,1,qualification,resize_replan,0,1,0.071079016,111224016,,0,0,0,0,0
live_capture,1025,1024,1,qualification,verify_snapshot,25,1,0.002462149,4199144,d5aad4743956be69126ce39c75e36b93,0,0,0,0,1
live_capture,1025,1024,1,qualification,teardown,0,1,0.000679970,35968,,0,0,0,0,0
