node,off,1,166,grid,0,1000000,0.035861969
node,off,1,167,noise_displace,1000000,1000000,0.013839960
node,off,1,168,noise_displace,1000000,1000000,0.013673067
node,off,1,169,grid,0,1000000,0.032989979
node,off,1,170,noise_displace,1000000,1000000,0.015100956
node,off,1,171,noise_displace,1000000,1000000,0.015007019
node,off,1,172,merge,2000000,2000000,0.786005974
node,off,8,166,grid,0,1000000,0.008018017
node,off,8,167,noise_displace,1000000,1000000,0.004120111
node,off,8,168,noise_displace,1000000,1000000,0.003616810
node,off,8,169,grid,0,1000000,0.007362843
node,off,8,170,noise_displace,1000000,1000000,0.003592968
node,off,8,171,noise_displace,1000000,1000000,0.003391981
node,off,8,172,merge,2000000,2000000,0.032627821
