node,learned,1,166,polyline,0,2,0.000003099
node,learned,1,167,polyline,0,2,0.000000954
node,learned,1,168,polyline,0,2,0.000000954
node,learned,1,169,polyline,0,2,0.000000000
node,learned,1,170,polyline,0,2,0.000000000
node,learned,1,171,polyline,0,2,0.000000000
node,learned,1,172,polyline,0,2,0.000000954
node,learned,1,173,polyline,0,2,0.000001192
node,learned,1,174,polyline,0,2,0.000000000
node,learned,1,175,polyline,0,2,0.000000000
node,learned,1,176,polyline,0,2,0.000000000
node,learned,1,177,polyline,0,2,0.000001192
node,learned,1,178,polyline,0,2,0.000000954
node,learned,1,179,polyline,0,2,0.000000000
node,learned,1,180,polyline,0,2,0.000000000
node,learned,1,181,polyline,0,2,0.000000000
node,learned,1,182,polyline,0,2,0.000000000
node,learned,1,183,polyline,0,2,0.000000000
node,learned,1,184,polyline,0,2,0.000000954
node,learned,1,185,polyline,0,2,0.000000954
node,learned,1,186,polyline,0,2,0.000000000
node,learned,1,187,polyline,0,2,0.000000000
node,learned,1,188,polyline,0,2,0.000000000
node,learned,1,189,polyline,0,2,0.000000000
node,learned,1,190,polyline,0,2,0.000000000
node,learned,1,191,polyline,0,2,0.000001192
node,learned,1,192,polyline,0,2,0.000000954
node,learned,1,193,polyline,0,2,0.000000000
node,learned,1,194,polyline,0,2,0.000000000
node,learned,1,195,polyline,0,2,0.000000000
node,learned,1,196,polyline,0,2,0.000000000
node,learned,1,197,polyline,0,2,0.000000954
node,learned,1,198,polyline,0,2,0.000000000
node,learned,1,199,polyline,0,2,0.000000000
node,learned,1,200,polyline,0,2,0.000000000
node,learned,1,201,polyline,0,2,0.000000954
node,learned,1,202,polyline,0,2,0.000000000
node,learned,1,203,polyline,0,2,0.000000000
node,learned,1,204,polyline,0,2,0.000000000
node,learned,1,205,polyline,0,2,0.000000954
node,learned,1,206,polyline,0,2,0.000000000
node,learned,1,207,polyline,0,2,0.000000000
node,learned,1,208,polyline,0,2,0.000000000
node,learned,1,209,polyline,0,2,0.000000954
node,learned,1,210,polyline,0,2,0.000000954
node,learned,1,211,polyline,0,2,0.000000000
node,learned,1,212,polyline,0,2,0.000000000
node,learned,1,213,polyline,0,2,0.000000000
node,learned,1,214,polyline,0,2,0.000000000
node,learned,1,215,polyline,0,2,0.000000954
node,learned,1,216,polyline,0,2,0.000001192
node,learned,1,217,polyline,0,2,0.000000000
node,learned,1,218,polyline,0,2,0.000000000
node,learned,1,219,polyline,0,2,0.000000000
node,learned,1,220,polyline,0,2,0.000000000
node,learned,1,221,polyline,0,2,0.000001192
node,learned,1,222,polyline,0,2,0.000000954
node,learned,1,223,polyline,0,2,0.000000000
node,learned,1,224,polyline,0,2,0.000000000
node,learned,1,225,polyline,0,2,0.000000000
node,learned,1,226,polyline,0,2,0.000000000
node,learned,1,227,polyline,0,2,0.000000000
node,learned,1,228,polyline,0,2,0.000000954
node,learned,1,229,polyline,0,2,0.000000954
node,learned,1,230,merge,128,128,0.000028849
node,learned,1,232,grid,0,25000,0.000473022
node,learned,1,233,copy_to_points,25002,50000,0.018460035
node,learned,1,234,noise_displace,50000,50000,0.000702143
node,learned,1,235,zone,128,3200000,1.343205929
node,learned,1,236,merge,3200000,3200000,0.123205900
node,learned,1,370,zone_element,0,2,0.000000000
node,learned,1,374,zone_element,0,2,0.000000000
node,learned,1,378,zone_element,0,2,0.000000954
node,learned,1,382,zone_element,0,2,0.000000000
node,learned,1,386,zone_element,0,2,0.000000000
node,learned,1,390,zone_element,0,2,0.000000000
node,learned,1,394,zone_element,0,2,0.000000000
node,learned,1,398,zone_element,0,2,0.000000000
node,learned,1,402,zone_element,0,2,0.000000000
node,learned,1,406,zone_element,0,2,0.000000000
node,learned,1,410,zone_element,0,2,0.000000000
node,learned,1,414,zone_element,0,2,0.000000000
node,learned,1,418,zone_element,0,2,0.000000000
node,learned,1,422,zone_element,0,2,0.000000000
node,learned,1,426,zone_element,0,2,0.000000000
node,learned,1,430,zone_element,0,2,0.000000000
node,learned,1,434,zone_element,0,2,0.000000000
node,learned,1,438,zone_element,0,2,0.000000000
node,learned,1,442,zone_element,0,2,0.000000000
node,learned,1,446,zone_element,0,2,0.000000000
node,learned,1,450,zone_element,0,2,0.000000000
node,learned,1,454,zone_element,0,2,0.000000000
node,learned,1,458,zone_element,0,2,0.000000000
node,learned,1,462,zone_element,0,2,0.000000000
node,learned,1,466,zone_element,0,2,0.000000000
node,learned,1,470,zone_element,0,2,0.000000000
node,learned,1,474,zone_element,0,2,0.000000000
node,learned,1,478,zone_element,0,2,0.000000000
node,learned,1,482,zone_element,0,2,0.000000000
node,learned,1,486,zone_element,0,2,0.000000000
node,learned,1,490,zone_element,0,2,0.000000954
node,learned,1,494,zone_element,0,2,0.000000000
node,learned,1,498,zone_element,0,2,0.000000000
node,learned,1,502,zone_element,0,2,0.000000000
node,learned,1,506,zone_element,0,2,0.000000000
node,learned,1,510,zone_element,0,2,0.000000000
node,learned,1,514,zone_element,0,2,0.000000000
node,learned,1,518,zone_element,0,2,0.000000000
node,learned,1,522,zone_element,0,2,0.000000000
node,learned,1,526,zone_element,0,2,0.000000000
node,learned,1,530,zone_element,0,2,0.000000000
node,learned,1,534,zone_element,0,2,0.000000000
node,learned,1,538,zone_element,0,2,0.000000000
node,learned,1,542,zone_element,0,2,0.000000000
node,learned,1,546,zone_element,0,2,0.000000000
node,learned,1,550,zone_element,0,2,0.000000000
node,learned,1,554,zone_element,0,2,0.000000000
node,learned,1,558,zone_element,0,2,0.000000000
node,learned,1,562,zone_element,0,2,0.000000000
node,learned,1,566,zone_element,0,2,0.000000000
node,learned,1,570,zone_element,0,2,0.000000000
node,learned,1,574,zone_element,0,2,0.000000000
node,learned,1,578,zone_element,0,2,0.000000000
node,learned,1,582,zone_element,0,2,0.000000000
node,learned,1,586,zone_element,0,2,0.000000000
node,learned,1,590,zone_element,0,2,0.000000000
node,learned,1,594,zone_element,0,2,0.000000000
node,learned,1,598,zone_element,0,2,0.000000000
node,learned,1,602,zone_element,0,2,0.000000000
node,learned,1,606,zone_element,0,2,0.000000000
node,learned,1,610,zone_element,0,2,0.000000000
node,learned,1,614,zone_element,0,2,0.000000000
node,learned,1,618,zone_element,0,2,0.000000000
node,learned,1,622,zone_element,0,2,0.000000000
node,learned,1,628,zone_element,0,2,0.000000000
node,learned,1,632,zone_element,0,2,0.000000000
node,learned,1,636,zone_element,0,2,0.000000000
node,learned,1,640,zone_element,0,2,0.000000000
node,learned,1,644,zone_element,0,2,0.000000000
node,learned,1,648,zone_element,0,2,0.000000000
node,learned,1,652,zone_element,0,2,0.000000000
node,learned,1,656,zone_element,0,2,0.000000000
node,learned,1,660,zone_element,0,2,0.000000000
node,learned,1,664,zone_element,0,2,0.000000000
node,learned,1,668,zone_element,0,2,0.000000000
node,learned,1,672,zone_element,0,2,0.000000000
node,learned,1,676,zone_element,0,2,0.000000000
node,learned,1,680,zone_element,0,2,0.000000000
node,learned,1,684,zone_element,0,2,0.000000000
node,learned,1,688,zone_element,0,2,0.000000000
node,learned,1,692,zone_element,0,2,0.000000000
node,learned,1,696,zone_element,0,2,0.000000000
node,learned,1,700,zone_element,0,2,0.000000000
node,learned,1,704,zone_element,0,2,0.000000000
node,learned,1,708,zone_element,0,2,0.000000000
node,learned,1,712,zone_element,0,2,0.000000000
node,learned,1,716,zone_element,0,2,0.000000000
node,learned,1,720,zone_element,0,2,0.000000000
node,learned,1,724,zone_element,0,2,0.000000000
node,learned,1,728,zone_element,0,2,0.000000000
node,learned,1,732,zone_element,0,2,0.000000000
node,learned,1,736,zone_element,0,2,0.000000000
node,learned,1,740,zone_element,0,2,0.000000000
node,learned,1,744,zone_element,0,2,0.000000000
node,learned,1,748,zone_element,0,2,0.000000000
node,learned,1,752,zone_element,0,2,0.000000000
node,learned,1,756,zone_element,0,2,0.000000000
node,learned,1,760,zone_element,0,2,0.000000000
node,learned,1,764,zone_element,0,2,0.000000000
node,learned,1,768,zone_element,0,2,0.000000000
node,learned,1,772,zone_element,0,2,0.000000000
node,learned,1,776,zone_element,0,2,0.000000000
node,learned,1,780,zone_element,0,2,0.000000000
node,learned,1,784,zone_element,0,2,0.000000000
node,learned,1,788,zone_element,0,2,0.000000000
node,learned,1,792,zone_element,0,2,0.000000000
node,learned,1,796,zone_element,0,2,0.000000000
node,learned,1,800,zone_element,0,2,0.000000000
node,learned,1,804,zone_element,0,2,0.000000000
node,learned,1,808,zone_element,0,2,0.000000000
node,learned,1,812,zone_element,0,2,0.000000000
node,learned,1,816,zone_element,0,2,0.000000000
node,learned,1,820,zone_element,0,2,0.000000000
node,learned,1,824,zone_element,0,2,0.000000954
node,learned,1,828,zone_element,0,2,0.000000000
node,learned,1,832,zone_element,0,2,0.000000954
node,learned,1,836,zone_element,0,2,0.000000000
node,learned,1,840,zone_element,0,2,0.000000000
node,learned,1,844,zone_element,0,2,0.000000000
node,learned,1,848,zone_element,0,2,0.000000000
node,learned,1,852,zone_element,0,2,0.000000000
node,learned,1,856,zone_element,0,2,0.000000000
node,learned,1,860,zone_element,0,2,0.000000000
node,learned,1,864,zone_element,0,2,0.000000000
node,learned,1,868,zone_element,0,2,0.000000000
node,learned,1,872,zone_element,0,2,0.000000000
node,learned,1,876,zone_element,0,2,0.000000000
node,learned,1,880,zone_element,0,2,0.000000000
node,learned,8,166,polyline,0,2,0.000004053
node,learned,8,167,polyline,0,2,0.000000954
node,learned,8,168,polyline,0,2,0.000000954
node,learned,8,169,polyline,0,2,0.000000000
node,learned,8,170,polyline,0,2,0.000000000
node,learned,8,171,polyline,0,2,0.000000954
node,learned,8,172,polyline,0,2,0.000000954
node,learned,8,173,polyline,0,2,0.000000000
node,learned,8,174,polyline,0,2,0.000000000
node,learned,8,175,polyline,0,2,0.000000954
node,learned,8,176,polyline,0,2,0.000000954
node,learned,8,177,polyline,0,2,0.000000000
node,learned,8,178,polyline,0,2,0.000000000
node,learned,8,179,polyline,0,2,0.000000000
node,learned,8,180,polyline,0,2,0.000000000
node,learned,8,181,polyline,0,2,0.000000954
node,learned,8,182,polyline,0,2,0.000000954
node,learned,8,183,polyline,0,2,0.000000000
node,learned,8,184,polyline,0,2,0.000000000
node,learned,8,185,polyline,0,2,0.000000000
node,learned,8,186,polyline,0,2,0.000000954
node,learned,8,187,polyline,0,2,0.000000954
node,learned,8,188,polyline,0,2,0.000000000
node,learned,8,189,polyline,0,2,0.000000000
node,learned,8,190,polyline,0,2,0.000000000
node,learned,8,191,polyline,0,2,0.000000954
node,learned,8,192,polyline,0,2,0.000001192
node,learned,8,193,polyline,0,2,0.000000000
node,learned,8,194,polyline,0,2,0.000000000
node,learned,8,195,polyline,0,2,0.000000000
node,learned,8,196,polyline,0,2,0.000000000
node,learned,8,197,polyline,0,2,0.000000954
node,learned,8,198,polyline,0,2,0.000000000
node,learned,8,199,polyline,0,2,0.000000000
node,learned,8,200,polyline,0,2,0.000000000
node,learned,8,201,polyline,0,2,0.000000954
node,learned,8,202,polyline,0,2,0.000000000
node,learned,8,203,polyline,0,2,0.000000000
node,learned,8,204,polyline,0,2,0.000001192
node,learned,8,205,polyline,0,2,0.000000000
node,learned,8,206,polyline,0,2,0.000000000
node,learned,8,207,polyline,0,2,0.000000000
node,learned,8,208,polyline,0,2,0.000000000
node,learned,8,209,polyline,0,2,0.000000954
node,learned,8,210,polyline,0,2,0.000000954
node,learned,8,211,polyline,0,2,0.000000000
node,learned,8,212,polyline,0,2,0.000000000
node,learned,8,213,polyline,0,2,0.000000000
node,learned,8,214,polyline,0,2,0.000000954
node,learned,8,215,polyline,0,2,0.000000000
node,learned,8,216,polyline,0,2,0.000000000
node,learned,8,217,polyline,0,2,0.000001192
node,learned,8,218,polyline,0,2,0.000000954
node,learned,8,219,polyline,0,2,0.000000000
node,learned,8,220,polyline,0,2,0.000000000
node,learned,8,221,polyline,0,2,0.000000000
node,learned,8,222,polyline,0,2,0.000000954
node,learned,8,223,polyline,0,2,0.000000954
node,learned,8,224,polyline,0,2,0.000000000
node,learned,8,225,polyline,0,2,0.000000000
node,learned,8,226,polyline,0,2,0.000000000
node,learned,8,227,polyline,0,2,0.000000954
node,learned,8,228,polyline,0,2,0.000000954
node,learned,8,229,polyline,0,2,0.000000000
node,learned,8,230,merge,128,128,0.000022888
node,learned,8,232,grid,0,25000,0.000378132
node,learned,8,233,copy_to_points,25002,50000,0.012985945
node,learned,8,234,noise_displace,50000,50000,0.002595186
node,learned,8,235,zone,128,3200000,0.187165976
node,learned,8,236,merge,3200000,3200000,0.087270975
node,learned,8,886,zone_element,0,2,0.000000000
node,learned,8,890,zone_element,0,2,0.000000000
node,learned,8,894,zone_element,0,2,0.000000000
node,learned,8,898,zone_element,0,2,0.000000000
node,learned,8,902,zone_element,0,2,0.000000000
node,learned,8,906,zone_element,0,2,0.000000000
node,learned,8,910,zone_element,0,2,0.000001192
node,learned,8,914,zone_element,0,2,0.000000000
node,learned,8,918,zone_element,0,2,0.000001192
node,learned,8,922,zone_element,0,2,0.000000000
node,learned,8,926,zone_element,0,2,0.000000000
node,learned,8,930,zone_element,0,2,0.000000000
node,learned,8,934,zone_element,0,2,0.000000954
node,learned,8,938,zone_element,0,2,0.000000000
node,learned,8,942,zone_element,0,2,0.000000000
node,learned,8,946,zone_element,0,2,0.000000000
node,learned,8,950,zone_element,0,2,0.000000000
node,learned,8,954,zone_element,0,2,0.000000000
node,learned,8,958,zone_element,0,2,0.000000000
node,learned,8,962,zone_element,0,2,0.000001192
node,learned,8,966,zone_element,0,2,0.000000000
node,learned,8,970,zone_element,0,2,0.000000000
node,learned,8,974,zone_element,0,2,0.000000000
node,learned,8,978,zone_element,0,2,0.000000000
node,learned,8,982,zone_element,0,2,0.000000000
node,learned,8,986,zone_element,0,2,0.000000000
node,learned,8,990,zone_element,0,2,0.000000000
node,learned,8,994,zone_element,0,2,0.000000000
node,learned,8,998,zone_element,0,2,0.000000000
node,learned,8,1002,zone_element,0,2,0.000000000
node,learned,8,1006,zone_element,0,2,0.000000000
node,learned,8,1010,zone_element,0,2,0.000000000
node,learned,8,1014,zone_element,0,2,0.000000000
node,learned,8,1018,zone_element,0,2,0.000000000
node,learned,8,1022,zone_element,0,2,0.000000000
node,learned,8,1026,zone_element,0,2,0.000000000
node,learned,8,1030,zone_element,0,2,0.000000000
node,learned,8,1034,zone_element,0,2,0.000000000
node,learned,8,1038,zone_element,0,2,0.000000000
node,learned,8,1042,zone_element,0,2,0.000000000
node,learned,8,1046,zone_element,0,2,0.000000000
node,learned,8,1050,zone_element,0,2,0.000000000
node,learned,8,1054,zone_element,0,2,0.000000000
node,learned,8,1058,zone_element,0,2,0.000000000
node,learned,8,1062,zone_element,0,2,0.000000000
node,learned,8,1066,zone_element,0,2,0.000000000
node,learned,8,1070,zone_element,0,2,0.000000954
node,learned,8,1074,zone_element,0,2,0.000000000
node,learned,8,1078,zone_element,0,2,0.000000000
node,learned,8,1082,zone_element,0,2,0.000000000
node,learned,8,1086,zone_element,0,2,0.000000000
node,learned,8,1090,zone_element,0,2,0.000000000
node,learned,8,1094,zone_element,0,2,0.000000000
node,learned,8,1098,zone_element,0,2,0.000000000
node,learned,8,1102,zone_element,0,2,0.000000000
node,learned,8,1106,zone_element,0,2,0.000000000
node,learned,8,1110,zone_element,0,2,0.000000000
node,learned,8,1114,zone_element,0,2,0.000000000
node,learned,8,1118,zone_element,0,2,0.000000000
node,learned,8,1122,zone_element,0,2,0.000000954
node,learned,8,1126,zone_element,0,2,0.000000000
node,learned,8,1130,zone_element,0,2,0.000000000
node,learned,8,1134,zone_element,0,2,0.000000000
node,learned,8,1138,zone_element,0,2,0.000000000
node,learned,8,1144,zone_element,0,2,0.000000000
node,learned,8,1148,zone_element,0,2,0.000000000
node,learned,8,1152,zone_element,0,2,0.000000000
node,learned,8,1156,zone_element,0,2,0.000000000
node,learned,8,1160,zone_element,0,2,0.000000000
node,learned,8,1164,zone_element,0,2,0.000000000
node,learned,8,1168,zone_element,0,2,0.000000000
node,learned,8,1172,zone_element,0,2,0.000003099
node,learned,8,1176,zone_element,0,2,0.000000000
node,learned,8,1180,zone_element,0,2,0.000008106
node,learned,8,1184,zone_element,0,2,0.000000954
node,learned,8,1188,zone_element,0,2,0.000000954
node,learned,8,1192,zone_element,0,2,0.000000000
node,learned,8,1196,zone_element,0,2,0.000000000
node,learned,8,1200,zone_element,0,2,0.000000954
node,learned,8,1204,zone_element,0,2,0.000000000
node,learned,8,1208,zone_element,0,2,0.000000954
node,learned,8,1212,zone_element,0,2,0.000000954
node,learned,8,1216,zone_element,0,2,0.000000954
node,learned,8,1220,zone_element,0,2,0.000001192
node,learned,8,1224,zone_element,0,2,0.000000000
node,learned,8,1228,zone_element,0,2,0.000000954
node,learned,8,1232,zone_element,0,2,0.000001192
node,learned,8,1236,zone_element,0,2,0.000000954
node,learned,8,1240,zone_element,0,2,0.000000000
node,learned,8,1244,zone_element,0,2,0.000000000
node,learned,8,1248,zone_element,0,2,0.000000000
node,learned,8,1252,zone_element,0,2,0.000000954
node,learned,8,1256,zone_element,0,2,0.000000000
node,learned,8,1260,zone_element,0,2,0.000000954
node,learned,8,1264,zone_element,0,2,0.000000954
node,learned,8,1268,zone_element,0,2,0.000000000
node,learned,8,1272,zone_element,0,2,0.000001192
node,learned,8,1276,zone_element,0,2,0.000000000
node,learned,8,1280,zone_element,0,2,0.000000954
node,learned,8,1284,zone_element,0,2,0.000001192
node,learned,8,1288,zone_element,0,2,0.000000000
node,learned,8,1292,zone_element,0,2,0.000000954
node,learned,8,1296,zone_element,0,2,0.000000954
node,learned,8,1300,zone_element,0,2,0.000000000
node,learned,8,1304,zone_element,0,2,0.000000000
node,learned,8,1308,zone_element,0,2,0.000000954
node,learned,8,1312,zone_element,0,2,0.000001192
node,learned,8,1316,zone_element,0,2,0.000000000
node,learned,8,1320,zone_element,0,2,0.000000000
node,learned,8,1324,zone_element,0,2,0.000000000
node,learned,8,1328,zone_element,0,2,0.000000000
node,learned,8,1332,zone_element,0,2,0.000000954
node,learned,8,1336,zone_element,0,2,0.000000954
node,learned,8,1340,zone_element,0,2,0.000000000
node,learned,8,1344,zone_element,0,2,0.000000954
node,learned,8,1348,zone_element,0,2,0.000000000
node,learned,8,1352,zone_element,0,2,0.000000954
node,learned,8,1356,zone_element,0,2,0.000000000
node,learned,8,1360,zone_element,0,2,0.000000000
node,learned,8,1364,zone_element,0,2,0.000001907
node,learned,8,1368,zone_element,0,2,0.000000000
node,learned,8,1372,zone_element,0,2,0.000000954
node,learned,8,1376,zone_element,0,2,0.000000000
node,learned,8,1380,zone_element,0,2,0.000000000
node,learned,8,1384,zone_element,0,2,0.000000000
node,learned,8,1388,zone_element,0,2,0.000000000
node,learned,8,1392,zone_element,0,2,0.000000954
node,learned,8,1396,zone_element,0,2,0.000001192
