domains,cook,phase,calls,seconds,complete_merge_seconds
1,training,remaining_metadata_wrapping_groups_geometry_and_probe_bookkeeping,1,1.5735626220703125e-05,0.076523780822753906
1,training,attributes,1,0.0083031654357910156,0.076523780822753906
1,training,kind_blits,2,0.00020098686218261719,0.076523780822753906
1,training,primitive_rewrites_including_join,2,0.010367870330810547,0.076523780822753906
1,training,vertex_rewrites_including_join,2,0.03127288818359375,0.076523780822753906
1,training,position_blits,2,0.0022530555725097656,0.076523780822753906
1,training,allocation,1,0.024110078811645508,0.076523780822753906
1,measured,remaining_metadata_wrapping_groups_geometry_and_probe_bookkeeping,1,1.0013580322265625e-05,0.058238029479980469
1,measured,attributes,1,0.0095069408416748047,0.058238029479980469
1,measured,kind_blits,2,0.00012302398681640625,0.058238029479980469
1,measured,primitive_rewrites_including_join,2,0.0098888874053955078,0.058238029479980469
1,measured,vertex_rewrites_including_join,2,0.029505252838134766,0.058238029479980469
1,measured,position_blits,2,0.0015759468078613281,0.058238029479980469
1,measured,allocation,1,0.0076279640197753906,0.058238029479980469
8,training,remaining_metadata_wrapping_groups_geometry_and_probe_bookkeeping,1,1.430511474609375e-05,0.032912969589233398
8,training,attributes,1,0.0063278675079345703,0.032912969589233398
8,training,kind_blits,2,0.00016117095947265625,0.032912969589233398
8,training,primitive_rewrites_including_join,2,0.0024647712707519531,0.032912969589233398
8,training,vertex_rewrites_including_join,2,0.0075647830963134766,0.032912969589233398
8,training,position_blits,2,0.0016629695892333984,0.032912969589233398
8,training,allocation,1,0.01471710205078125,0.032912969589233398
8,measured,remaining_metadata_wrapping_groups_geometry_and_probe_bookkeeping,1,4.5061111450195312e-05,0.031485080718994141
8,measured,attributes,1,0.0070030689239501953,0.031485080718994141
8,measured,kind_blits,2,0.00017523765563964844,0.031485080718994141
8,measured,primitive_rewrites_including_join,2,0.0024669170379638672,0.031485080718994141
8,measured,vertex_rewrites_including_join,2,0.0071711540222167969,0.031485080718994141
8,measured,position_blits,2,0.0016317367553710938,0.031485080718994141
8,measured,allocation,1,0.012990951538085938,0.031485080718994141
