node,learned,1,166,grid,0,1000000,0.019558906555175781
node,learned,1,167,noise_displace,1000000,1000000,0.013818979263305664
node,learned,1,168,noise_displace,1000000,1000000,0.013787984848022461
node,learned,1,169,grid,0,1000000,0.018707990646362305
node,learned,1,170,noise_displace,1000000,1000000,0.014009952545166016
node,learned,1,171,noise_displace,1000000,1000000,0.014101982116699219
node,learned,1,172,merge,2000000,2000000,0.060357093811035156
node,learned,8,166,grid,0,1000000,0.012605905532836914
node,learned,8,167,noise_displace,1000000,1000000,0.0061590671539306641
node,learned,8,168,noise_displace,1000000,1000000,0.005950927734375
node,learned,8,169,grid,0,1000000,0.011068820953369141
node,learned,8,170,noise_displace,1000000,1000000,0.0065779685974121094
node,learned,8,171,noise_displace,1000000,1000000,0.0046219825744628906
node,learned,8,172,merge,2000000,2000000,0.040028095245361328
