fixture,node_id,operation,input_points,output_points,seconds,cache_hit
bloom,163,uv_sphere,0,72,0.000077963,false
bloom,164,transform,72,72,0.000015974,false
bloom,165,set_color,72,72,0.000001907,false
bloom,166,transform,72,72,0.000001192,false
bloom,167,uv_sphere,0,72,0.000015974,false
bloom,168,transform,72,72,0.000004053,false
bloom,169,set_color,72,72,0.000000000,false
bloom,170,transform,72,72,0.000004053,false
bloom,171,uv_sphere,0,72,0.000010967,false
bloom,172,transform,72,72,0.000003099,false
bloom,173,set_color,72,72,0.000000000,false
bloom,174,transform,72,72,0.000004053,false
bloom,175,uv_sphere,0,72,0.000008106,false
bloom,176,transform,72,72,0.000003099,false
bloom,177,set_color,72,72,0.000000000,false
bloom,178,transform,72,72,0.000004053,false
bloom,179,uv_sphere,0,72,0.000009060,false
bloom,180,transform,72,72,0.000002861,false
bloom,181,set_color,72,72,0.000000000,false
bloom,182,transform,72,72,0.000004053,false
bloom,183,uv_sphere,0,72,0.000008821,false
bloom,184,transform,72,72,0.000004053,false
bloom,185,set_color,72,72,0.000000000,false
bloom,186,transform,72,72,0.000002861,false
bloom,187,uv_sphere,0,72,0.000009060,false
bloom,188,transform,72,72,0.000003099,false
bloom,189,set_color,72,72,0.000001192,false
bloom,190,transform,72,72,0.000003099,false
bloom,191,uv_sphere,0,72,0.000008106,false
bloom,192,transform,72,72,0.000004053,false
bloom,193,set_color,72,72,0.000000000,false
bloom,194,transform,72,72,0.000003815,false
bloom,195,uv_sphere,0,72,0.000009060,false
bloom,196,transform,72,72,0.000002146,false
bloom,197,set_color,72,72,0.000000954,false
bloom,198,transform,72,72,0.000002861,false
bloom,199,uv_sphere,0,72,0.000007868,false
bloom,200,transform,72,72,0.000002861,false
bloom,201,set_color,72,72,0.000000954,false
bloom,202,transform,72,72,0.000003099,false
bloom,203,uv_sphere,0,72,0.000006914,false
bloom,204,transform,72,72,0.000003099,false
bloom,205,set_color,72,72,0.000000000,false
bloom,206,transform,72,72,0.000003099,false
bloom,207,uv_sphere,0,72,0.000007153,false
bloom,208,transform,72,72,0.000003099,false
bloom,209,set_color,72,72,0.000000954,false
bloom,210,transform,72,72,0.000003099,false
bloom,211,merge,864,864,0.000066996,false
bloom,212,uv_sphere,0,1106,0.000349045,false
bloom,213,set_color,1106,1106,0.000007153,false
bloom,214,merge,1970,1970,0.000234127,false
facade,409,box,0,24,0.000018120,false
facade,410,set_color,24,24,0.000000000,false
facade,411,box,0,24,0.000004053,false
facade,412,group_bounds,24,24,0.000010014,false
facade,413,box,0,24,0.000004053,false
facade,414,group_bounds,24,24,0.000000000,false
facade,415,box,0,24,0.000002861,false
facade,416,group_bounds,24,24,0.000000000,false
facade,417,box,0,24,0.000003099,false
facade,418,group_bounds,24,24,0.000000954,false
facade,419,box,0,24,0.000003099,false
facade,420,group_bounds,24,24,0.000000954,false
facade,421,box,0,24,0.000002861,false
facade,422,group_bounds,24,24,0.000000000,false
facade,423,box,0,24,0.000001907,false
facade,424,group_bounds,24,24,0.000000000,false
facade,425,box,0,24,0.000003099,false
facade,426,group_bounds,24,24,0.000000954,false
facade,427,box,0,24,0.000003099,false
facade,428,group_bounds,24,24,0.000000954,false
facade,429,box,0,24,0.000001907,false
facade,430,group_bounds,24,24,0.000000000,false
facade,431,box,0,24,0.000001907,false
facade,432,group_bounds,24,24,0.000001192,false
facade,433,box,0,24,0.000002861,false
facade,434,group_bounds,24,24,0.000000000,false
facade,435,box,0,24,0.000002146,false
facade,436,group_bounds,24,24,0.000000000,false
facade,437,box,0,24,0.000003099,false
facade,438,group_bounds,24,24,0.000000954,false
facade,439,box,0,24,0.000002861,false
facade,440,group_bounds,24,24,0.000001192,false
facade,441,box,0,24,0.000002861,false
facade,442,group_bounds,24,24,0.000000954,false
facade,443,box,0,24,0.000002861,false
facade,444,group_bounds,24,24,0.000000000,false
facade,445,box,0,24,0.000002146,false
facade,446,group_bounds,24,24,0.000000954,false
facade,447,box,0,24,0.000003099,false
facade,448,group_bounds,24,24,0.000000000,false
facade,449,box,0,24,0.000002861,false
facade,450,group_bounds,24,24,0.000000954,false
facade,451,box,0,24,0.000003099,false
facade,452,group_bounds,24,24,0.000000000,false
facade,453,box,0,24,0.000002146,false
facade,454,group_bounds,24,24,0.000000000,false
facade,455,box,0,24,0.000003099,false
facade,456,group_bounds,24,24,0.000000954,false
facade,457,box,0,24,0.000002861,false
facade,458,group_bounds,24,24,0.000001192,false
facade,459,box,0,24,0.000005960,false
facade,460,group_bounds,24,24,0.000001192,false
facade,461,box,0,24,0.000004053,false
facade,462,group_bounds,24,24,0.000000954,false
facade,463,box,0,24,0.000002861,false
facade,464,group_bounds,24,24,0.000000000,false
facade,465,box,0,24,0.000003099,false
facade,466,group_bounds,24,24,0.000001192,false
facade,467,box,0,24,0.000002861,false
facade,468,group_bounds,24,24,0.000000954,false
facade,469,box,0,24,0.000004053,false
facade,470,group_bounds,24,24,0.000000954,false
facade,471,merge,720,720,0.000046968,false
facade,472,group_bounds,720,720,0.000006199,false
facade,473,group_random,720,720,0.000019073,false
facade,474,set_color,720,720,0.000009060,false
facade,475,blast,720,600,0.000081062,false
facade,476,blast,600,480,0.000059128,false
facade,477,merge,504,504,0.000025988,false
garland,614,uv_sphere,0,62,0.000007153,false
garland,615,uv_sphere,0,62,0.000006914,false
garland,616,uv_sphere,0,62,0.000005007,false
garland,617,uv_sphere,0,62,0.000007153,false
garland,618,uv_sphere,0,62,0.000005007,false
garland,619,uv_sphere,0,62,0.000006199,false
garland,620,uv_sphere,0,62,0.000005960,false
garland,621,uv_sphere,0,62,0.000366211,false
garland,622,uv_sphere,0,42,0.000014067,false
garland,623,transform,42,42,0.000009060,false
garland,624,uv_sphere,0,42,0.000004053,false
garland,625,transform,42,42,0.000002146,false
garland,626,uv_sphere,0,42,0.000003099,false
garland,627,transform,42,42,0.000003099,false
garland,628,uv_sphere,0,42,0.000004053,false
garland,629,transform,42,42,0.000002146,false
garland,630,uv_sphere,0,42,0.000004053,false
garland,631,transform,42,42,0.000002146,false
garland,632,uv_sphere,0,42,0.000004053,false
garland,633,transform,42,42,0.000002146,false
garland,634,uv_sphere,0,42,0.000004053,false
garland,635,transform,42,42,0.000002146,false
garland,636,uv_sphere,0,42,0.000004053,false
garland,637,transform,42,42,0.000002146,false
garland,638,uv_sphere,0,42,0.000004053,false
garland,639,transform,42,42,0.000002146,false
garland,640,uv_sphere,0,42,0.000004053,false
garland,641,transform,42,42,0.000001907,false
garland,642,uv_sphere,0,42,0.000004053,false
garland,643,transform,42,42,0.000001907,false
garland,644,uv_sphere,0,42,0.000003099,false
garland,645,transform,42,42,0.000001907,false
garland,646,uv_sphere,0,42,0.000003099,false
garland,647,transform,42,42,0.000001907,false
garland,648,uv_sphere,0,42,0.000003815,false
garland,649,transform,42,42,0.000001907,false
garland,650,merge,588,588,0.000042915,false
garland,651,uv_sphere,0,1106,0.000364065,false
garland,652,merge,496,496,0.000411987,false
garland,653,merge,2190,2190,0.000389099,false
kit,731,box,0,24,0.000002861,false
kit,732,box,0,24,0.000003099,false
kit,733,box,0,24,0.000002861,false
kit,734,box,0,24,0.000003099,false
kit,735,box,0,24,0.000013113,false
kit,736,set_color,24,24,0.000000954,false
kit,737,set_color,24,24,0.000000000,false
kit,738,transform,24,24,0.000001907,false
kit,739,merge,48,48,0.000002861,false
kit,740,set_color,24,24,0.000000000,false
kit,741,transform,24,24,0.000004053,false
kit,742,merge,72,72,0.000002861,false
kit,743,set_color,24,24,0.000000954,false
kit,744,transform,24,24,0.000001907,false
kit,745,merge,96,96,0.000001907,false
kit,746,set_color,24,24,0.000000000,false
kit,747,transform,24,24,0.000000954,false
kit,748,merge,120,120,0.000003099,false
kit,749,set_color,24,24,0.000000954,false
kit,750,transform,24,24,0.000002146,false
kit,751,merge,144,144,0.000003099,false
kit,752,transform,24,24,0.000001907,false
kit,753,set_color,24,24,0.000000000,false
kit,754,merge,168,168,0.000003099,false
orrery,796,tube,0,160,0.000022888,false
orrery,797,noise_displace,160,160,0.000028849,false
orrery,798,normals,160,160,0.000022888,false
orrery,799,set_color,160,160,0.000000000,false
orrery,800,uv_sphere,0,146,0.000016928,false
orrery,801,set_color,146,146,0.000001192,false
orrery,802,uv_sphere,0,34,0.000003099,false
orrery,803,set_color,34,34,0.000000000,false
orrery,804,uv_sphere,0,34,0.000003099,false
orrery,805,set_color,34,34,0.000000000,false
orrery,806,uv_sphere,0,34,0.000004053,false
orrery,807,set_color,34,34,0.000000000,false
orrery,808,uv_sphere,0,34,0.000002861,false
orrery,809,set_color,34,34,0.000000000,false
orrery,810,uv_sphere,0,34,0.000004053,false
orrery,811,set_color,34,34,0.000000000,false
orrery,812,uv_sphere,0,34,0.000003099,false
orrery,813,set_color,34,34,0.000000000,false
orrery,814,uv_sphere,0,34,0.000002861,false
orrery,815,set_color,34,34,0.000000000,false
orrery,816,uv_sphere,0,34,0.000002861,false
orrery,817,set_color,34,34,0.000000000,false
orrery,818,uv_sphere,0,34,0.000003099,false
orrery,819,set_color,34,34,0.000000000,false
orrery,820,uv_sphere,0,34,0.000003099,false
orrery,821,set_color,34,34,0.000000000,false
orrery,822,uv_sphere,0,34,0.000002861,false
orrery,823,set_color,34,34,0.000000000,false
orrery,824,uv_sphere,0,34,0.000002861,false
orrery,825,set_color,34,34,0.000000954,false
orrery,826,uv_sphere,0,34,0.000003099,false
orrery,827,set_color,34,34,0.000000000,false
orrery,828,uv_sphere,0,34,0.000003099,false
orrery,829,set_color,34,34,0.000000000,false
orrery,830,uv_sphere,0,34,0.000002861,false
orrery,831,set_color,34,34,0.000000000,false
orrery,832,uv_sphere,0,34,0.000002861,false
orrery,833,set_color,34,34,0.000000000,false
orrery,834,uv_sphere,0,34,0.000003099,false
orrery,835,set_color,34,34,0.000000000,false
orrery,836,uv_sphere,0,34,0.000004053,false
orrery,837,set_color,34,34,0.000000000,false
orrery,838,uv_sphere,0,34,0.000002861,false
orrery,839,set_color,34,34,0.000000000,false
orrery,840,uv_sphere,0,34,0.000002861,false
orrery,841,set_color,34,34,0.000000000,false
orrery,842,uv_sphere,0,34,0.000003099,false
orrery,843,set_color,34,34,0.000000000,false
orrery,844,uv_sphere,0,34,0.000002861,false
orrery,845,set_color,34,34,0.000000000,false
orrery,846,uv_sphere,0,34,0.000002861,false
orrery,847,set_color,34,34,0.000000000,false
orrery,848,uv_sphere,0,34,0.000003099,false
orrery,849,set_color,34,34,0.000000954,false
orrery,850,merge,816,816,0.000058174,false
orrery,851,merge,1122,1122,0.000066042,false
rosette,962,uv_sphere,0,62,0.000012159,false
rosette,963,transform,62,62,0.000002146,false
rosette,964,uv_sphere,0,62,0.000008106,false
rosette,965,transform,62,62,0.000005007,false
rosette,966,uv_sphere,0,62,0.000007868,false
rosette,967,transform,62,62,0.000002861,false
rosette,968,uv_sphere,0,62,0.000005960,false
rosette,969,transform,62,62,0.000003099,false
rosette,970,uv_sphere,0,62,0.000007153,false
rosette,971,transform,62,62,0.000002146,false
rosette,972,uv_sphere,0,62,0.000005960,false
rosette,973,transform,62,62,0.000002861,false
rosette,974,uv_sphere,0,62,0.000006914,false
rosette,975,transform,62,62,0.000002861,false
rosette,976,uv_sphere,0,62,0.000006914,false
rosette,977,transform,62,62,0.000003099,false
rosette,978,uv_sphere,0,62,0.000005007,false
rosette,979,transform,62,62,0.000001907,false
rosette,980,uv_sphere,0,62,0.000006914,false
rosette,981,transform,62,62,0.000003099,false
rosette,982,uv_sphere,0,62,0.000005007,false
rosette,983,transform,62,62,0.000001907,false
rosette,984,uv_sphere,0,62,0.000006914,false
rosette,985,transform,62,62,0.000003099,false
rosette,986,merge,744,744,0.000053167,false
rosette,987,uv_sphere,0,26,0.000003099,false
rosette,988,transform,26,26,0.000000954,false
rosette,989,uv_sphere,0,26,0.000002861,false
rosette,990,transform,26,26,0.000001907,false
rosette,991,uv_sphere,0,26,0.000003099,false
rosette,992,transform,26,26,0.000002146,false
rosette,993,uv_sphere,0,26,0.000002146,false
rosette,994,transform,26,26,0.000001907,false
rosette,995,uv_sphere,0,26,0.000002861,false
rosette,996,transform,26,26,0.000001907,false
rosette,997,uv_sphere,0,26,0.000002146,false
rosette,998,transform,26,26,0.000002146,false
rosette,999,merge,156,156,0.000011921,false
rosette,1000,merge,900,900,0.000089884,false
sunflower,1074,uv_sphere,0,20,0.000014067,false
sunflower,1075,uv_sphere,0,20,0.000002146,false
sunflower,1076,uv_sphere,0,20,0.000003099,false
sunflower,1077,uv_sphere,0,20,0.000001907,false
sunflower,1078,uv_sphere,0,20,0.000001907,false
sunflower,1079,uv_sphere,0,20,0.000002861,false
sunflower,1080,uv_sphere,0,20,0.000001907,false
sunflower,1081,uv_sphere,0,20,0.000002146,false
sunflower,1082,uv_sphere,0,20,0.000003099,false
sunflower,1083,uv_sphere,0,20,0.000002146,false
sunflower,1084,uv_sphere,0,20,0.000001907,false
sunflower,1085,uv_sphere,0,20,0.000001907,false
sunflower,1086,uv_sphere,0,20,0.000002146,false
sunflower,1087,uv_sphere,0,20,0.000002146,false
sunflower,1088,uv_sphere,0,20,0.000001907,false
sunflower,1089,uv_sphere,0,20,0.000001907,false
sunflower,1090,uv_sphere,0,20,0.000001907,false
sunflower,1091,uv_sphere,0,20,0.000001907,false
sunflower,1092,uv_sphere,0,20,0.000002146,false
sunflower,1093,uv_sphere,0,20,0.000001907,false
sunflower,1094,uv_sphere,0,20,0.000001907,false
sunflower,1095,uv_sphere,0,20,0.000002861,false
sunflower,1096,uv_sphere,0,20,0.000001907,false
sunflower,1097,uv_sphere,0,20,0.000002146,false
sunflower,1098,uv_sphere,0,20,0.000002146,false
sunflower,1099,uv_sphere,0,20,0.000001907,false
sunflower,1100,uv_sphere,0,20,0.000001907,false
sunflower,1101,uv_sphere,0,20,0.000002861,false
sunflower,1102,uv_sphere,0,20,0.000002146,false
sunflower,1103,uv_sphere,0,20,0.000002146,false
sunflower,1104,uv_sphere,0,20,0.000001907,false
sunflower,1105,uv_sphere,0,20,0.000001907,false
sunflower,1106,uv_sphere,0,20,0.000001907,false
sunflower,1107,uv_sphere,0,20,0.000001907,false
sunflower,1108,uv_sphere,0,20,0.000001907,false
sunflower,1109,uv_sphere,0,20,0.000002146,false
sunflower,1110,uv_sphere,0,20,0.000001907,false
sunflower,1111,uv_sphere,0,20,0.000001907,false
sunflower,1112,uv_sphere,0,20,0.000001907,false
sunflower,1113,uv_sphere,0,20,0.000004053,false
sunflower,1114,uv_sphere,0,20,0.000003099,false
sunflower,1115,uv_sphere,0,20,0.000002146,false
sunflower,1116,uv_sphere,0,20,0.000003099,false
sunflower,1117,uv_sphere,0,20,0.000002861,false
sunflower,1118,uv_sphere,0,20,0.000001907,false
sunflower,1119,uv_sphere,0,20,0.000001907,false
sunflower,1120,uv_sphere,0,20,0.000002146,false
sunflower,1121,uv_sphere,0,20,0.000002146,false
sunflower,1122,uv_sphere,0,20,0.000001907,false
sunflower,1123,uv_sphere,0,20,0.000001907,false
sunflower,1124,uv_sphere,0,20,0.000002861,false
sunflower,1125,uv_sphere,0,20,0.000001907,false
sunflower,1126,uv_sphere,0,20,0.000002146,false
sunflower,1127,uv_sphere,0,20,0.000001907,false
sunflower,1128,uv_sphere,0,20,0.000001907,false
sunflower,1129,uv_sphere,0,20,0.000001907,false
sunflower,1130,uv_sphere,0,20,0.000001907,false
sunflower,1131,uv_sphere,0,20,0.000001907,false
sunflower,1132,uv_sphere,0,20,0.000003099,false
sunflower,1133,uv_sphere,0,20,0.000002146,false
sunflower,1134,uv_sphere,0,20,0.000001907,false
sunflower,1135,uv_sphere,0,20,0.000001907,false
sunflower,1136,uv_sphere,0,20,0.000001907,false
sunflower,1137,uv_sphere,0,20,0.000001907,false
sunflower,1138,uv_sphere,0,20,0.000002146,false
sunflower,1139,uv_sphere,0,20,0.000002146,false
sunflower,1140,uv_sphere,0,20,0.000002146,false
sunflower,1141,uv_sphere,0,20,0.000001907,false
sunflower,1142,uv_sphere,0,20,0.000002861,false
sunflower,1143,uv_sphere,0,20,0.000001907,false
sunflower,1144,uv_sphere,0,20,0.000002146,false
sunflower,1145,uv_sphere,0,20,0.000003099,false
sunflower,1146,uv_sphere,0,20,0.000002146,false
sunflower,1147,uv_sphere,0,20,0.000001907,false
sunflower,1148,uv_sphere,0,20,0.000001907,false
sunflower,1149,uv_sphere,0,20,0.000001907,false
sunflower,1150,uv_sphere,0,20,0.000003099,false
sunflower,1151,uv_sphere,0,20,0.000002146,false
sunflower,1152,uv_sphere,0,20,0.000001907,false
sunflower,1153,uv_sphere,0,20,0.000001907,false
sunflower,1154,uv_sphere,0,20,0.000001907,false
sunflower,1155,uv_sphere,0,20,0.000001907,false
sunflower,1156,uv_sphere,0,20,0.000002146,false
sunflower,1157,uv_sphere,0,20,0.000002146,false
sunflower,1158,uv_sphere,0,20,0.000002861,false
sunflower,1159,uv_sphere,0,20,0.000001907,false
sunflower,1160,uv_sphere,0,20,0.000001907,false
sunflower,1161,uv_sphere,0,20,0.000002146,false
sunflower,1162,uv_sphere,0,20,0.000002146,false
sunflower,1163,uv_sphere,0,20,0.000002146,false
sunflower,1164,uv_sphere,0,20,0.000001907,false
sunflower,1165,uv_sphere,0,20,0.000001907,false
sunflower,1166,uv_sphere,0,20,0.000001907,false
sunflower,1167,uv_sphere,0,20,0.000002146,false
sunflower,1168,uv_sphere,0,20,0.000002146,false
sunflower,1169,uv_sphere,0,20,0.000003099,false
sunflower,1170,uv_sphere,0,20,0.000001907,false
sunflower,1171,uv_sphere,0,20,0.000001907,false
sunflower,1172,uv_sphere,0,20,0.000001907,false
sunflower,1173,uv_sphere,0,20,0.000003099,false
sunflower,1174,uv_sphere,0,20,0.000002146,false
sunflower,1175,uv_sphere,0,20,0.000001907,false
sunflower,1176,uv_sphere,0,20,0.000001907,false
sunflower,1177,uv_sphere,0,20,0.000001907,false
sunflower,1178,uv_sphere,0,20,0.000002146,false
sunflower,1179,uv_sphere,0,20,0.000002146,false
sunflower,1180,uv_sphere,0,20,0.000001907,false
sunflower,1181,uv_sphere,0,20,0.000001907,false
sunflower,1182,uv_sphere,0,20,0.000001907,false
sunflower,1183,uv_sphere,0,20,0.000002146,false
sunflower,1184,uv_sphere,0,20,0.000001907,false
sunflower,1185,uv_sphere,0,20,0.000001907,false
sunflower,1186,uv_sphere,0,20,0.000002146,false
sunflower,1187,uv_sphere,0,20,0.000002146,false
sunflower,1188,uv_sphere,0,20,0.000001907,false
sunflower,1189,uv_sphere,0,20,0.000001907,false
sunflower,1190,uv_sphere,0,20,0.000219822,false
sunflower,1191,uv_sphere,0,20,0.000001907,false
sunflower,1192,uv_sphere,0,20,0.000001907,false
sunflower,1193,uv_sphere,0,20,0.000001907,false
sunflower,1194,uv_sphere,0,20,0.000001907,false
sunflower,1195,uv_sphere,0,20,0.000001907,false
sunflower,1196,uv_sphere,0,20,0.000001907,false
sunflower,1197,uv_sphere,0,20,0.000001907,false
sunflower,1198,uv_sphere,0,20,0.000002146,false
sunflower,1199,uv_sphere,0,20,0.000001907,false
sunflower,1200,uv_sphere,0,20,0.000001907,false
sunflower,1201,uv_sphere,0,20,0.000001907,false
sunflower,1202,uv_sphere,0,20,0.000001907,false
sunflower,1203,uv_sphere,0,20,0.000002146,false
sunflower,1204,uv_sphere,0,20,0.000001907,false
sunflower,1205,uv_sphere,0,20,0.000001907,false
sunflower,1206,uv_sphere,0,20,0.000002146,false
sunflower,1207,uv_sphere,0,20,0.000002146,false
sunflower,1208,uv_sphere,0,20,0.000001907,false
sunflower,1209,uv_sphere,0,20,0.000001907,false
sunflower,1210,uv_sphere,0,20,0.000001907,false
sunflower,1211,uv_sphere,0,20,0.000002146,false
sunflower,1212,uv_sphere,0,20,0.000002146,false
sunflower,1213,uv_sphere,0,20,0.000001907,false
sunflower,1214,uv_sphere,0,20,0.000001907,false
sunflower,1215,uv_sphere,0,20,0.000002146,false
sunflower,1216,uv_sphere,0,20,0.000002146,false
sunflower,1217,uv_sphere,0,20,0.000002861,false
sunflower,1218,uv_sphere,0,20,0.000002861,false
sunflower,1219,uv_sphere,0,20,0.000001907,false
sunflower,1220,uv_sphere,0,20,0.000002146,false
sunflower,1221,uv_sphere,0,20,0.000002146,false
sunflower,1222,uv_sphere,0,20,0.000001907,false
sunflower,1223,uv_sphere,0,20,0.000001907,false
sunflower,1224,uv_sphere,0,20,0.000002146,false
sunflower,1225,uv_sphere,0,20,0.000002146,false
sunflower,1226,uv_sphere,0,20,0.000001907,false
sunflower,1227,uv_sphere,0,20,0.000001907,false
sunflower,1228,uv_sphere,0,20,0.000001907,false
sunflower,1229,uv_sphere,0,20,0.000002146,false
sunflower,1230,uv_sphere,0,20,0.000002146,false
sunflower,1231,uv_sphere,0,20,0.000001907,false
sunflower,1232,uv_sphere,0,20,0.000001907,false
sunflower,1233,uv_sphere,0,20,0.000002146,false
sunflower,1234,uv_sphere,0,20,0.000002146,false
sunflower,1235,uv_sphere,0,20,0.000001907,false
sunflower,1236,uv_sphere,0,20,0.000000954,false
sunflower,1237,uv_sphere,0,20,0.000001907,false
sunflower,1238,uv_sphere,0,20,0.000002146,false
sunflower,1239,uv_sphere,0,20,0.000002146,false
sunflower,1240,uv_sphere,0,20,0.000001907,false
sunflower,1241,uv_sphere,0,20,0.000002146,false
sunflower,1242,uv_sphere,0,20,0.000002146,false
sunflower,1243,uv_sphere,0,20,0.000001907,false
sunflower,1244,uv_sphere,0,20,0.000001907,false
sunflower,1245,uv_sphere,0,20,0.000001907,false
sunflower,1246,uv_sphere,0,20,0.000001907,false
sunflower,1247,uv_sphere,0,20,0.000002146,false
sunflower,1248,uv_sphere,0,20,0.000001907,false
sunflower,1249,uv_sphere,0,20,0.000001907,false
sunflower,1250,uv_sphere,0,20,0.000001907,false
sunflower,1251,uv_sphere,0,20,0.000002146,false
sunflower,1252,uv_sphere,0,20,0.000002146,false
sunflower,1253,uv_sphere,0,20,0.000001907,false
sunflower,1254,uv_sphere,0,20,0.000002861,false
sunflower,1255,uv_sphere,0,20,0.000001907,false
sunflower,1256,uv_sphere,0,20,0.000002146,false
sunflower,1257,uv_sphere,0,20,0.000001907,false
sunflower,1258,uv_sphere,0,20,0.000001907,false
sunflower,1259,uv_sphere,0,20,0.000001907,false
sunflower,1260,uv_sphere,0,20,0.000002146,false
sunflower,1261,uv_sphere,0,20,0.000002146,false
sunflower,1262,uv_sphere,0,20,0.000001907,false
sunflower,1263,uv_sphere,0,20,0.000001907,false
sunflower,1264,uv_sphere,0,20,0.000001907,false
sunflower,1265,uv_sphere,0,20,0.000002146,false
sunflower,1266,uv_sphere,0,20,0.000003099,false
sunflower,1267,uv_sphere,0,20,0.000001907,false
sunflower,1268,uv_sphere,0,20,0.000001907,false
sunflower,1269,uv_sphere,0,20,0.000002146,false
sunflower,1270,uv_sphere,0,20,0.000002146,false
sunflower,1271,uv_sphere,0,20,0.000001907,false
sunflower,1272,uv_sphere,0,20,0.000001907,false
sunflower,1273,uv_sphere,0,20,0.000001907,false
sunflower,1274,uv_sphere,0,20,0.000002146,false
sunflower,1275,uv_sphere,0,20,0.000001907,false
sunflower,1276,uv_sphere,0,20,0.000001907,false
sunflower,1277,uv_sphere,0,20,0.000001907,false
sunflower,1278,uv_sphere,0,20,0.000001907,false
sunflower,1279,uv_sphere,0,20,0.000002146,false
sunflower,1280,uv_sphere,0,20,0.000002146,false
sunflower,1281,uv_sphere,0,20,0.000001907,false
sunflower,1282,uv_sphere,0,20,0.000001907,false
sunflower,1283,uv_sphere,0,20,0.000001907,false
sunflower,1284,uv_sphere,0,20,0.000002146,false
sunflower,1285,uv_sphere,0,20,0.000001907,false
sunflower,1286,uv_sphere,0,20,0.000001907,false
sunflower,1287,uv_sphere,0,20,0.000001907,false
sunflower,1288,uv_sphere,0,20,0.000002146,false
sunflower,1289,uv_sphere,0,20,0.000002146,false
sunflower,1290,uv_sphere,0,20,0.000001907,false
sunflower,1291,uv_sphere,0,20,0.000001907,false
sunflower,1292,uv_sphere,0,20,0.000001907,false
sunflower,1293,uv_sphere,0,20,0.000002146,false
sunflower,1294,uv_sphere,0,20,0.000001907,false
sunflower,1295,uv_sphere,0,20,0.000001907,false
sunflower,1296,uv_sphere,0,20,0.000001907,false
sunflower,1297,uv_sphere,0,20,0.000003099,false
sunflower,1298,uv_sphere,0,20,0.000002146,false
sunflower,1299,uv_sphere,0,20,0.000002146,false
sunflower,1300,uv_sphere,0,20,0.000001907,false
sunflower,1301,uv_sphere,0,20,0.000001907,false
sunflower,1302,uv_sphere,0,20,0.000002146,false
sunflower,1303,uv_sphere,0,20,0.000002146,false
sunflower,1304,uv_sphere,0,20,0.000001907,false
sunflower,1305,uv_sphere,0,20,0.000001907,false
sunflower,1306,uv_sphere,0,20,0.000001907,false
sunflower,1307,uv_sphere,0,20,0.000002146,false
sunflower,1308,uv_sphere,0,20,0.000002146,false
sunflower,1309,uv_sphere,0,20,0.000002861,false
sunflower,1310,uv_sphere,0,20,0.000001907,false
sunflower,1311,uv_sphere,0,20,0.000001907,false
sunflower,1312,uv_sphere,0,20,0.000002146,false
sunflower,1313,uv_sphere,0,20,0.000002146,false
sunflower,1314,merge,4800,4800,0.001676798,false
tiles,1796,box,0,24,0.000010967,false
tiles,1797,set_color,24,24,0.000000954,false
tiles,1798,transform,24,24,0.000005960,false
tiles,1799,box,0,24,0.000004053,false
tiles,1800,set_color,24,24,0.000000000,false
tiles,1801,transform,24,24,0.000002146,false
tiles,1802,box,0,24,0.000003099,false
tiles,1803,set_color,24,24,0.000000954,false
tiles,1804,transform,24,24,0.000002146,false
tiles,1805,box,0,24,0.000003099,false
tiles,1806,set_color,24,24,0.000000000,false
tiles,1807,transform,24,24,0.000001192,false
tiles,1808,box,0,24,0.000003099,false
tiles,1809,set_color,24,24,0.000000954,false
tiles,1810,transform,24,24,0.000002146,false
tiles,1811,box,0,24,0.000001907,false
tiles,1812,set_color,24,24,0.000000000,false
tiles,1813,transform,24,24,0.000001907,false
tiles,1814,box,0,24,0.000002861,false
tiles,1815,set_color,24,24,0.000000000,false
tiles,1816,transform,24,24,0.000001907,false
tiles,1817,box,0,24,0.000001907,false
tiles,1818,set_color,24,24,0.000000000,false
tiles,1819,transform,24,24,0.000001907,false
tiles,1820,box,0,24,0.000003099,false
tiles,1821,set_color,24,24,0.000000000,false
tiles,1822,transform,24,24,0.000000954,false
tiles,1823,box,0,24,0.000003099,false
tiles,1824,set_color,24,24,0.000000954,false
tiles,1825,transform,24,24,0.000002146,false
tiles,1826,box,0,24,0.000001907,false
tiles,1827,set_color,24,24,0.000000000,false
tiles,1828,transform,24,24,0.000001907,false
tiles,1829,box,0,24,0.000002861,false
tiles,1830,set_color,24,24,0.000000000,false
tiles,1831,transform,24,24,0.000000954,false
tiles,1832,box,0,24,0.000001907,false
tiles,1833,set_color,24,24,0.000000000,false
tiles,1834,transform,24,24,0.000001907,false
tiles,1835,box,0,24,0.000003099,false
tiles,1836,set_color,24,24,0.000000000,false
tiles,1837,transform,24,24,0.000000954,false
tiles,1838,box,0,24,0.000003099,false
tiles,1839,set_color,24,24,0.000000000,false
tiles,1840,transform,24,24,0.000002146,false
tiles,1841,box,0,24,0.000002146,false
tiles,1842,set_color,24,24,0.000000954,false
tiles,1843,transform,24,24,0.000002146,false
tiles,1844,box,0,24,0.000091076,false
tiles,1845,set_color,24,24,0.000000954,false
tiles,1846,transform,24,24,0.000004053,false
tiles,1847,box,0,24,0.000005007,false
tiles,1848,set_color,24,24,0.000000000,false
tiles,1849,transform,24,24,0.000001907,false
tiles,1850,box,0,24,0.000003099,false
tiles,1851,set_color,24,24,0.000000000,false
tiles,1852,transform,24,24,0.000001907,false
tiles,1853,box,0,24,0.000002861,false
tiles,1854,set_color,24,24,0.000000000,false
tiles,1855,transform,24,24,0.000000954,false
tiles,1856,box,0,24,0.000001907,false
tiles,1857,set_color,24,24,0.000000000,false
tiles,1858,transform,24,24,0.000001907,false
tiles,1859,box,0,24,0.000002861,false
tiles,1860,set_color,24,24,0.000000000,false
tiles,1861,transform,24,24,0.000000954,false
tiles,1862,box,0,24,0.000001907,false
tiles,1863,set_color,24,24,0.000000000,false
tiles,1864,transform,24,24,0.000001907,false
tiles,1865,box,0,24,0.000003099,false
tiles,1866,set_color,24,24,0.000000000,false
tiles,1867,transform,24,24,0.000001907,false
tiles,1868,box,0,24,0.000002146,false
tiles,1869,set_color,24,24,0.000000000,false
tiles,1870,transform,24,24,0.000002146,false
tiles,1871,box,0,24,0.000003099,false
tiles,1872,set_color,24,24,0.000000000,false
tiles,1873,transform,24,24,0.000002146,false
tiles,1874,box,0,24,0.000001907,false
tiles,1875,set_color,24,24,0.000000000,false
tiles,1876,transform,24,24,0.000001907,false
tiles,1877,box,0,24,0.000002861,false
tiles,1878,set_color,24,24,0.000000000,false
tiles,1879,transform,24,24,0.000000954,false
tiles,1880,box,0,24,0.000001907,false
tiles,1881,set_color,24,24,0.000000954,false
tiles,1882,transform,24,24,0.000001907,false
tiles,1883,box,0,24,0.000002146,false
tiles,1884,set_color,24,24,0.000000000,false
tiles,1885,transform,24,24,0.000002146,false
tiles,1886,box,0,24,0.000003099,false
tiles,1887,set_color,24,24,0.000000000,false
tiles,1888,transform,24,24,0.000001192,false
tiles,1889,box,0,24,0.000002146,false
tiles,1890,set_color,24,24,0.000000000,false
tiles,1891,transform,24,24,0.000001907,false
tiles,1892,box,0,24,0.000002861,false
tiles,1893,set_color,24,24,0.000000000,false
tiles,1894,transform,24,24,0.000001907,false
tiles,1895,box,0,24,0.000001907,false
tiles,1896,set_color,24,24,0.000000000,false
tiles,1897,transform,24,24,0.000001907,false
tiles,1898,box,0,24,0.000002861,false
tiles,1899,set_color,24,24,0.000000000,false
tiles,1900,transform,24,24,0.000001907,false
tiles,1901,box,0,24,0.000001907,false
tiles,1902,set_color,24,24,0.000000000,false
tiles,1903,transform,24,24,0.000002146,false
tiles,1904,box,0,24,0.000003099,false
tiles,1905,set_color,24,24,0.000000000,false
tiles,1906,transform,24,24,0.000002146,false
tiles,1907,box,0,24,0.000002146,false
tiles,1908,set_color,24,24,0.000000000,false
tiles,1909,transform,24,24,0.000002146,false
tiles,1910,box,0,24,0.000003099,false
tiles,1911,set_color,24,24,0.000000000,false
tiles,1912,transform,24,24,0.000000954,false
tiles,1913,box,0,24,0.000001907,false
tiles,1914,set_color,24,24,0.000000000,false
tiles,1915,transform,24,24,0.000001907,false
tiles,1916,box,0,24,0.000002861,false
tiles,1917,set_color,24,24,0.000001192,false
tiles,1918,transform,24,24,0.000001907,false
tiles,1919,box,0,24,0.000001907,false
tiles,1920,set_color,24,24,0.000000000,false
tiles,1921,transform,24,24,0.000000954,false
tiles,1922,box,0,24,0.000003099,false
tiles,1923,set_color,24,24,0.000000954,false
tiles,1924,transform,24,24,0.000001907,false
tiles,1925,box,0,24,0.000002861,false
tiles,1926,set_color,24,24,0.000000000,false
tiles,1927,transform,24,24,0.000000954,false
tiles,1928,box,0,24,0.000001907,false
tiles,1929,set_color,24,24,0.000000954,false
tiles,1930,transform,24,24,0.000001907,false
tiles,1931,box,0,24,0.000003099,false
tiles,1932,set_color,24,24,0.000000954,false
tiles,1933,transform,24,24,0.000001907,false
tiles,1934,box,0,24,0.000003099,false
tiles,1935,set_color,24,24,0.000000000,false
tiles,1936,transform,24,24,0.000002146,false
tiles,1937,box,0,24,0.000002146,false
tiles,1938,set_color,24,24,0.000000954,false
tiles,1939,transform,24,24,0.000002146,false
tiles,1940,box,0,24,0.000003099,false
tiles,1941,set_color,24,24,0.000000000,false
tiles,1942,transform,24,24,0.000000954,false
tiles,1943,box,0,24,0.000002861,false
tiles,1944,set_color,24,24,0.000000000,false
tiles,1945,transform,24,24,0.000001907,false
tiles,1946,box,0,24,0.000002861,false
tiles,1947,set_color,24,24,0.000000000,false
tiles,1948,transform,24,24,0.000000954,false
tiles,1949,box,0,24,0.000001907,false
tiles,1950,set_color,24,24,0.000000000,false
tiles,1951,transform,24,24,0.000001907,false
tiles,1952,box,0,24,0.000003099,false
tiles,1953,set_color,24,24,0.000000000,false
tiles,1954,transform,24,24,0.000001907,false
tiles,1955,box,0,24,0.000002146,false
tiles,1956,set_color,24,24,0.000000000,false
tiles,1957,transform,24,24,0.000002146,false
tiles,1958,box,0,24,0.000003099,false
tiles,1959,set_color,24,24,0.000000000,false
tiles,1960,transform,24,24,0.000002146,false
tiles,1961,box,0,24,0.000001907,false
tiles,1962,set_color,24,24,0.000000000,false
tiles,1963,transform,24,24,0.000001907,false
tiles,1964,box,0,24,0.000002861,false
tiles,1965,set_color,24,24,0.000000000,false
tiles,1966,transform,24,24,0.000001907,false
tiles,1967,box,0,24,0.000001907,false
tiles,1968,set_color,24,24,0.000000000,false
tiles,1969,transform,24,24,0.000001907,false
tiles,1970,box,0,24,0.000003099,false
tiles,1971,set_color,24,24,0.000000954,false
tiles,1972,transform,24,24,0.000001907,false
tiles,1973,box,0,24,0.000003099,false
tiles,1974,set_color,24,24,0.000000000,false
tiles,1975,transform,24,24,0.000000954,false
tiles,1976,box,0,24,0.000003099,false
tiles,1977,set_color,24,24,0.000000954,false
tiles,1978,transform,24,24,0.000002146,false
tiles,1979,box,0,24,0.000003099,false
tiles,1980,set_color,24,24,0.000000000,false
tiles,1981,transform,24,24,0.000000954,false
tiles,1982,box,0,24,0.000001907,false
tiles,1983,set_color,24,24,0.000000954,false
tiles,1984,transform,24,24,0.000001907,false
tiles,1985,box,0,24,0.000002861,false
tiles,1986,set_color,24,24,0.000000000,false
tiles,1987,transform,24,24,0.000001907,false
tiles,1988,merge,1536,1536,0.000061989,false
tree,2374,line,0,2,0.000001907,false
tree,2375,polywire,2,10,0.000030041,false
tree,2376,transform,10,10,0.000001907,false
tree,2377,transform,10,10,0.000000954,false
tree,2378,transform,10,10,0.000001907,false
tree,2379,transform,10,10,0.000002146,false
tree,2380,merge,40,40,0.000005007,false
tree,2381,transform,40,40,0.000003099,false
tree,2382,transform,40,40,0.000002146,false
tree,2383,transform,40,40,0.000002146,false
tree,2384,transform,40,40,0.000001907,false
tree,2385,merge,130,130,0.000005007,false
tree,2386,transform,130,130,0.000003099,false
tree,2387,transform,130,130,0.000003099,false
tree,2388,transform,130,130,0.000002861,false
tree,2389,transform,130,130,0.000004053,false
tree,2390,merge,400,400,0.000010014,false
tree,2391,transform,400,400,0.000011921,false
tree,2392,transform,400,400,0.000010967,false
tree,2393,transform,400,400,0.000011921,false
tree,2394,transform,400,400,0.000010014,false
tree,2395,merge,1210,1210,0.000023127,false
tree,2396,transform,1210,1210,0.000025988,false
tree,2397,transform,1210,1210,0.000033855,false
tree,2398,transform,1210,1210,0.000098944,false
tree,2399,transform,1210,1210,0.000028133,false
tree,2400,merge,3640,3640,0.000077009,false
tunnel,2449,torus,0,200,0.000034094,false
tunnel,2450,transform,200,200,0.000006914,false
tunnel,2451,merge,400,400,0.000105143,false
tunnel,2452,transform,400,400,0.000010014,false
tunnel,2453,merge,600,600,0.000031948,false
tunnel,2454,transform,600,600,0.000014067,false
tunnel,2455,merge,800,800,0.000041962,false
tunnel,2456,transform,800,800,0.000019073,false
tunnel,2457,merge,1000,1000,0.000041962,false
tunnel,2458,transform,1000,1000,0.000021219,false
tunnel,2459,merge,1200,1200,0.000061989,false
tunnel,2460,transform,1200,1200,0.000027180,false
tunnel,2461,merge,1400,1400,0.000066042,false
tunnel,2462,transform,1400,1400,0.000033140,false
tunnel,2463,merge,1600,1600,0.000139952,false
tunnel,2464,transform,1600,1600,0.000040054,false
tunnel,2465,merge,1800,1800,0.000106096,false
tunnel,2466,transform,1800,1800,0.000036955,false
tunnel,2467,merge,2000,2000,0.000109911,false
tunnel,2468,transform,2000,2000,0.000046015,false
tunnel,2469,merge,2200,2200,0.000112057,false
tunnel,2470,transform,2200,2200,0.000048161,false
tunnel,2471,merge,2400,2400,0.000152111,false
tunnel,2472,transform,2400,2400,0.000133038,false
tunnel,2473,merge,2600,2600,0.000271082,false
tunnel,2474,transform,2600,2600,0.000096083,false
tunnel,2475,merge,2800,2800,0.000964165,false
tunnel,2476,transform,2800,2800,0.000073910,false
tunnel,2477,merge,3000,3000,0.000247955,false
tunnel,2478,transform,3000,3000,0.000085115,false
tunnel,2479,merge,3200,3200,0.000240088,false
tunnel,2480,transform,3200,3200,0.000090837,false
tunnel,2481,merge,3400,3400,0.000225067,false
tunnel,2482,transform,3400,3400,0.000090122,false
tunnel,2483,merge,3600,3600,0.000231981,false
tunnel,2484,transform,3600,3600,0.000080824,false
tunnel,2485,merge,3800,3800,0.000308990,false
variations,2542,tube,0,192,0.000015974,false
variations,2543,scatter,192,40,0.000061035,false
variations,2544,uv_sphere,0,26,0.000008821,false
variations,2545,copy_to_points,66,1040,0.000072002,false
variations,2546,merge,1232,1232,0.000210047,false
variations,2547,set_color,1232,1232,0.000004053,false
wave,2622,polyline,0,90,0.000006199,false
wave,2623,polywire,90,360,0.000064135,false
wave,2624,polyline,0,90,0.000001907,false
wave,2625,polywire,90,360,0.000139952,false
wave,2626,polyline,0,90,0.000002146,false
wave,2627,polywire,90,360,0.000058889,false
wave,2628,polyline,0,90,0.000001907,false
wave,2629,polywire,90,360,0.000072956,false
wave,2630,polyline,0,90,0.000002146,false
wave,2631,polywire,90,360,0.000055790,false
wave,2632,polyline,0,90,0.000000954,false
wave,2633,polywire,90,360,0.000069141,false
wave,2634,merge,2160,2160,0.000097990,false
